doctor_id,specialty_id
53124525,1
5044804,1
5044804,1
82049882,1
53628284,1
49986883,1
23362639,1
55809063,1
740810,1
22191023,1
93310149,1
63779890,1
72874723,1
69058622,1
29498588,1
76925958,1
31393206,1
26344202,1
35996298,1
39512065,1
82536675,1
54049557,1
63813043,1
8294156,1
1572476,1
26767722,1
16275051,1
69433775,1
69726695,1
56729054,1
35445561,1
77453260,1
32677539,1
64907564,1
43608178,1
37499830,1
8446590,1
87187935,1
91741786,1
9112935,1
75324556,1
11265151,1
24267588,1
32252825,1
67121717,1
30515395,1
59154167,1
1977835,1
32283256,1
88391669,1
41031205,1
20326256,1
88891046,1
64907307,1
7686011,1
1645482,1
23759578,1
88359631,1
4922396,1
61388393,1
44089009,1
20297427,2
30409662,2
51142219,2
95598558,2
50882479,2
82101911,2
58322945,2
8689151,2
8689151,2
3894171,2
43759988,2
22688200,2
39735873,2
13375113,2
3173064,2
39554471,2
52971769,2
69908473,2
84019081,2
20117430,2
59763117,2
54470606,2
48785048,2
58982742,2
59200597,2
98082071,2
9607273,2
47995236,2
71019451,2
8715724,2
64629061,2
67368445,2
27557127,2
34604435,2
37752238,2
51876424,2
2526831,2
39733582,2
3410811,2
71432958,2
36309685,2
53284087,2
3330156,2
52636497,2
73282824,2
73871866,2
26628621,2
34117054,2
19742577,2
57810110,2
36889356,2
15129221,2
96300787,2
11075666,2
94326724,3
71487860,3
72493886,3
53146374,3
78433541,3
61463530,3
30891335,3
52349031,3
62284044,3
35280005,3
9761869,3
4362412,3
40260034,3
61091512,3
68134200,3
64814865,3
86387546,3
9436223,3
41726822,3
37845196,3
36342855,3
4963085,3
44897902,3
48208879,3
21181964,3
16386530,3
34253517,3
61257976,3
57747840,3
62376781,3
69629697,3
57662881,3
21095360,3
4430159,3
38789948,3
84589445,3
12521144,3
8622064,3
81429791,3
11769178,3
55271957,3
72135340,3
81545173,3
6624950,3
25559450,3
26959789,3
7000371,3
76396848,3
55471697,3
85680890,3
22741919,3
55409731,3
89267672,3
61832749,3
32432018,3
35253524,3
66121042,3
20049898,3
22890582,3
40247275,3
72493886,4
5044804,4
62359782,4
92290339,4
97757242,4
21126430,4
96981535,4
25166828,4
19485449,4
60771824,4
283544,4
52971769,4
64355397,4
14222820,4
11399533,4
78979053,4
23270898,4
97243046,4
36761365,4
53985769,4
28303702,4
89997377,4
69333481,4
57747840,4
58506400,4
71664033,4
65520292,4
67368445,4
1166349,4
55518524,4
43717671,4
43060509,4
10055203,4
9252756,4
43182506,4
19297143,4
72275370,4
90307047,4
10208413,4
91972736,4
41031205,4
16947157,4
32183619,4
10405207,4
76542717,4
34464203,4
1495437,4
68105450,4
7628085,4
96300787,4
1537553,5
20297427,5
86643002,5
10801881,5
45167386,5
46474955,5
91539153,5
63614122,5
39353648,5
67294603,5
40260034,5
45658582,5
59660342,5
98356929,5
62291048,5
12956404,5
81767765,5
99356922,5
77992642,5
53331,5
61200974,5
68705621,5
61610590,5
16748989,5
55915100,5
96258183,5
51283316,5
35844310,5
97243046,5
36761365,5
83089516,5
94691821,5
80313065,5
10936213,5
81511509,5
94707253,5
31115716,5
92925722,5
77842480,5
32180368,5
78491316,5
36254498,5
54803599,5
43182506,5
85381850,5
71725930,5
3410811,5
15508945,5
30294703,5
62130900,5
69867380,5
40560099,5
18407552,5
19012005,5
25515309,5
84681817,5
99645881,5
76396848,5
872817,5
903209,5
33708718,5
19142028,5
74902743,5
40784218,5
44008081,6
6991943,6
56867623,6
28376789,6
59225604,6
82049882,6
61463530,6
14024836,6
89631403,6
54736690,6
9580778,6
25802104,6
69058622,6
6334537,6
81767765,6
9436223,6
28319637,6
10659431,6
14012029,6
37845196,6
14208632,6
58982742,6
19144047,6
41500096,6
20609759,6
34253517,6
51297221,6
20492049,6
35804237,6
15152542,6
69204408,6
45736239,6
2857482,6
53276111,6
88949430,6
95618437,6
38789948,6
45500622,6
38776544,6
78768051,6
33886250,6
37752238,6
90555268,6
38244962,6
59103103,6
78888790,6
11719509,6
45583458,6
28078487,6
55308722,6
94224689,6
54967632,6
62493310,6
74014105,6
83927989,6
872817,6
80640175,6
95154618,6
87379392,6
50350389,6
10506275,7
44605371,7
90198623,7
19435193,7
83557854,7
7506183,7
3894171,7
42723637,7
99356922,7
972719,7
86643757,7
87026219,7
2754148,7
35096602,7
58135604,7
9732885,7
92506070,7
41895781,7
64629061,7
86729022,7
71259731,7
71549442,7
59229077,7
21095360,7
14898365,7
58129568,7
55846899,7
34785378,7
92085620,7
8446590,7
30534935,7
90193894,7
81429791,7
96618298,7
94224689,7
7791274,7
43508167,7
12576978,7
4863653,7
55471697,7
91848347,7
84892996,7
76542717,7
43873214,7
67658195,7
63579752,7
75803281,8
25209750,8
19419573,8
55809063,8
69832075,8
97730272,8
18771043,8
16151697,8
27845612,8
60153256,8
84992513,8
70062347,8
89439971,8
6083134,8
74000348,8
93203588,8
59763117,8
11774292,8
56679242,8
33074818,8
60761962,8
80313065,8
52416853,8
17672117,8
52313186,8
71664033,8
58290572,8
16899216,8
88184957,8
67951928,8
81938075,8
75653547,8
90744762,8
51600101,8
56378593,8
32677539,8
12578100,8
70642969,8
17790865,8
81319428,8
76498203,8
11769178,8
72135340,8
14459651,8
44992599,8
46433212,8
20682287,8
1977835,8
79720680,8
60700676,8
28791312,8
1365308,8
74092204,8
88855333,8
93336259,8
4922396,8
47231895,8
44089009,8
1537553,9
1337302,9
56056283,9
97508934,9
48808158,9
23362639,9
64906138,9
41854444,9
13810392,9
52797898,9
67294603,9
40260034,9
40256924,9
25892493,9
69722085,9
29624019,9
23233062,9
88380609,9
28854031,9
48373173,9
41726822,9
88748374,9
45741889,9
10845270,9
56451302,9
74623725,9
2487037,9
64577886,9
91785397,9
15152542,9
94921446,9
67368445,9
81232103,9
2857482,9
36453899,9
7719042,9
10896182,9
14194646,9
7144138,9
33545144,9
22557240,9
1253492,9
17598963,9
69192780,9
72262398,9
83416378,9
95761022,9
49037098,9
23765179,9
39162161,9
86884650,9
86884650,9
26628621,9
96609274,9
25588968,9
80865310,9
40162768,9
18293799,9
63579752,9
23949626,9
45575703,9
34529365,10
43092727,10
97414366,10
53628284,10
69810764,10
80417886,10
86030246,10
9761869,10
19076942,10
20711858,10
46935729,10
52971769,10
84019081,10
53331,10
70729891,10
93203588,10
87026219,10
61985551,10
47917803,10
47917803,10
19144047,10
83985461,10
52809685,10
44568252,10
52269038,10
99654930,10
1903292,10
76969435,10
19700320,10
67323787,10
33886250,10
25468937,10
55846899,10
85794552,10
97321298,10
93571659,10
58980391,10
26407332,10
31664035,10
77764445,10
6026731,10
78696820,10
63471585,10
91972736,10
13833876,10
34117054,10
15246714,10
2469918,10
44720350,10
44346970,10
67306105,10
82718827,10
40653610,10
7628085,10
272807,11
98025093,11
30409662,11
41890020,11
75803281,11
28376789,11
28376789,11
47524073,11
71431438,11
1661565,11
74081780,11
7772579,11
7512751,11
76451431,11
3858659,11
41605140,11
9244266,11
32722174,11
14012029,11
6083134,11
6083134,11
65316103,11
72596283,11
97104000,11
58446831,11
58446831,11
67885763,11
71194223,11
76990574,11
56668430,11
47569835,11
1903292,11
67048757,11
80894281,11
53979456,11
73846090,11
29750883,11
54130400,11
75197888,11
4454394,11
26407332,11
90193894,11
69192780,11
19012005,11
29692013,11
88289381,11
68687712,11
60700676,11
3830977,11
11571911,11
44346970,11
82958017,11
74902743,11
73102464,11
89758948,11
50350389,11
10801881,12
75383071,12
34033412,12
23362639,12
91539153,12
98326298,12
47821972,12
89126601,12
283544,12
84976722,12
972719,12
20028218,12
56451302,12
86643757,12
54470606,12
64536089,12
64536089,12
30045115,12
18374411,12
39788788,12
83985461,12
3858213,12
91005145,12
542969,12
74560447,12
58754178,12
32277412,12
31115716,12
78266054,12
15746309,12
51296287,12
36254498,12
29852090,12
97644116,12
55177629,12
14839322,12
26662093,12
15508945,12
73800157,12
75083989,12
39991783,12
26959789,12
67333377,12
66188424,12
15246714,12
95246434,12
81264051,12
88884845,12
77886525,12
16539625,12
47435431,12
11931295,12
40782091,13
67072241,13
34396973,13
6991943,13
48973174,13
45167386,13
67848519,13
63980217,13
7506183,13
20565544,13
54736690,13
39353648,13
93310149,13
57354332,13
95277359,13
13371974,13
70062347,13
46274319,13
8551728,13
69908473,13
59977685,13
73248752,13
77277371,13
32074958,13
61985551,13
98082071,13
58446831,13
25088273,13
30837746,13
35726021,13
86023210,13
74560447,13
41895781,13
16226024,13
58754178,13
39210329,13
16691860,13
2754490,13
38360385,13
91924154,13
20015972,13
64902591,13
91614652,13
49488902,13
37499830,13
42187644,13
8446590,13
39733582,13
39715607,13
73800157,13
87774311,13
44528300,13
90307047,13
18944634,13
57094350,13
21180236,13
76421654,13
65772571,13
71898823,13
45990848,13
99395488,13
22837995,13
80865310,13
18482420,13
7686011,13
821019,13
1645482,13
81961864,13
17321803,13
33259825,13
68959178,13
50350389,13
16955254,14
33403962,14
56215752,14
68134200,14
46738143,14
86387546,14
23627830,14
23352685,14
59900753,14
46137460,14
72135202,14
4620080,14
4620080,14
28882237,14
6252329,14
74950260,14
60781138,14
81261842,14
66382519,14
15621287,14
39024362,14
69726695,14
45736239,14
78768051,14
13590830,14
20266871,14
38310808,14
44774953,14
9815284,14
36157521,14
39451342,14
39839218,14
70642969,14
1977835,14
66864916,14
52174750,14
67333377,14
39869317,14
2034385,14
97149912,14
57810110,14
46123612,14
15129221,14
88653826,15
45795250,15
4390709,15
83754378,15
66797657,15
8551728,15
85507986,15
64355397,15
14222820,15
6942633,15
12728166,15
13421127,15
74327641,15
11399533,15
81140503,15
88213776,15
55083555,15
56037142,15
21138699,15
59200597,15
53985769,15
53401166,15
63397663,15
71019451,15
24386598,15
71194223,15
53333669,15
88994779,15
41400042,15
35879035,15
67048757,15
36453899,15
48843320,15
98278009,15
7960825,15
95085704,15
49038998,15
23341909,15
8822763,15
79914064,15
88120300,15
63935119,15
42923874,15
74848092,15
68687712,15
32283256,15
71005710,15
66188424,15
65839163,15
97149912,15
5626152,15
59562767,15
96941213,15
83967422,15
84892996,15
23949626,15
28681827,16
22002865,16
24410736,16
4143712,16
24235724,16
24235724,16
19693475,16
52482455,16
98467836,16
72534182,16
8762511,16
73144545,16
14427813,16
47491452,16
96259758,16
16386530,16
79378090,16
15655891,16
31463338,16
97030428,16
16899216,16
92925722,16
99142310,16
66336081,16
55177629,16
2385796,16
31193480,16
92600516,16
2526831,16
80561848,16
24073641,16
94296601,16
23812352,16
7897010,16
50699314,16
9786026,16
39797965,16
50429741,16
45990848,16
56464441,16
5626152,16
41892602,16
83967422,16
12795933,16
17321803,16
85071681,16
68959178,16
37831375,16
33701548,17
98624757,17
5058085,17
81464614,17
18417774,17
62702957,17
72132586,17
75140928,17
79371666,17
52797898,17
72534182,17
38303628,17
98644145,17
67331999,17
36079508,17
67665979,17
81713724,17
23270898,17
66217923,17
32074958,17
39935992,17
54568583,17
54568583,17
32870370,17
98032588,17
64577886,17
7928174,17
3973092,17
80731208,17
16317790,17
31226270,17
45112723,17
62994943,17
88491680,17
87406572,17
95151657,17
13590830,17
39775247,17
8296029,17
18265005,17
34785378,17
14385760,17
8805677,17
83508813,17
70642969,17
4550670,17
1251030,17
91561315,17
11769178,17
31739252,17
21180236,17
42272976,17
40571874,17
3494420,17
54206249,17
93942402,18
81640072,18
30447429,18
94930507,18
76489788,18
5058085,18
30843856,18
18417774,18
74081780,18
63614122,18
36152590,18
76752810,18
76752810,18
8689151,18
62260140,18
3016246,18
40256924,18
23233062,18
4815859,18
60771824,18
92635751,18
28459799,18
23352685,18
13421127,18
94628837,18
74327641,18
44897902,18
44596277,18
56246664,18
24825413,18
11388373,18
91005145,18
30837746,18
44628594,18
69204408,18
56437031,18
3886471,18
98278009,18
35445561,18
15746309,18
87256584,18
42284369,18
64907564,18
39839218,18
24073641,18
72135340,18
79982342,18
9786026,18
46433212,18
11857658,18
76396848,18
75497380,18
73327070,18
7414222,19
18899131,19
53260489,19
19419573,19
62284044,19
9761869,19
49989820,19
1566040,19
21126430,19
29624019,19
71644263,19
4927823,19
63592430,19
40135904,19
32722174,19
11683391,19
87985580,19
67331999,19
31393206,19
48999068,19
33074818,19
39935992,19
7907908,19
7928174,19
5534401,19
73933395,19
1089327,19
37982406,19
58754178,19
71549442,19
37499365,19
1136549,19
35445561,19
40165255,19
88211658,19
93704410,19
92692133,19
63342464,19
39839218,19
65778477,19
87774311,19
69867380,19
83416378,19
10771029,19
14734522,19
50529840,19
6736826,19
39869317,19
10899189,19
55471697,19
40432781,19
61832749,19
82718827,19
23989421,19
85071681,19
73327070,19
86726182,19
49899006,19
24153772,19
44089009,19
64649505,20
37738953,20
34033412,20
53260489,20
30891335,20
47998395,20
47998395,20
66797657,20
48373173,20
28319637,20
68705621,20
23766470,20
61610590,20
36079508,20
84976722,20
20194903,20
56011233,20
86147038,20
44342883,20
17190975,20
600206,20
18223749,20
38656595,20
92599081,20
52269038,20
65520292,20
37982406,20
9840283,20
1903292,20
76537080,20
39210329,20
64522193,20
21410262,20
89780057,20
38776544,20
8296029,20
51296287,20
81380981,20
87256584,20
821388,20
93175269,20
14459651,20
29886692,20
94496277,20
80925801,20
26959789,20
53161620,20
681917,20
96290109,20
34285498,20
36889356,20
18482420,20
34464203,20
8543853,20
18108307,20
81271473,20
97179289,21
52349031,21
92290339,21
91124135,21
50533027,21
89898137,21
39353648,21
94984734,21
96981535,21
63779890,21
25166828,21
23233062,21
36742695,21
27801588,21
83742047,21
8762511,21
64814865,21
92635751,21
79649790,21
36342855,21
95484863,21
16748989,21
20028218,21
97375006,21
97779587,21
74950260,21
48848209,21
82255730,21
50645165,21
89862488,21
56668430,21
29510949,21
48843320,21
78266054,21
1136549,21
17948461,21
9848860,21
47209852,21
12521144,21
18779530,21
9112935,21
24267588,21
84022052,21
84022052,21
72262398,21
50429741,21
49037098,21
37156098,21
51052997,21
61832749,21
78684728,21
43873214,21
47231895,21
94612089,21
28432870,22
74270610,22
7913731,22
71737855,22
46542985,22
64299154,22
98326298,22
83489121,22
51633315,22
3858659,22
72874723,22
32009682,22
63798473,22
45461931,22
88764136,22
50676980,22
26841613,22
56572834,22
88661010,22
10107807,22
26344202,22
32353997,22
64536089,22
6968553,22
44342883,22
97779587,22
55433403,22
60781138,22
5412088,22
92553020,22
69629697,22
15152542,22
68021069,22
58290572,22
46603266,22
32482337,22
8317658,22
4430159,22
4430159,22
40178126,22
93704410,22
92692133,22
29750883,22
65448404,22
69355903,22
48119549,22
40560099,22
71846568,22
99327426,22
60700676,22
34117054,22
8022461,22
33321325,22
3494420,22
93545356,22
78582799,22
86044803,22
49732061,22
27573615,22
81271473,22
1537553,23
88663100,23
68886546,23
97179289,23
90898861,23
11867117,23
79511516,23
46474955,23
46542985,23
79371666,23
83584117,23
82101911,23
40256924,23
5278316,23
62291048,23
31576342,23
21997917,23
88764136,23
37758824,23
85987756,23
72968668,23
14427813,23
59763117,23
21181964,23
55782272,23
52809685,23
47500268,23
38776544,23
17962344,23
97933666,23
11380838,23
36254498,23
71564881,23
2813734,23
41434386,23
76498203,23
87338458,23
5524342,23
25515309,23
62326738,23
50529840,23
49509955,23
19860811,23
61995630,23
25238253,23
47296408,23
68276030,23
33708718,23
28080941,23
2511859,23
86726182,23
25887407,23
34529365,24
98557286,24
67072241,24
52405115,24
76489788,24
36652884,24
12790966,24
90898861,24
22493000,24
96530809,24
33524938,24
15498941,24
62702957,24
47368833,24
91124135,24
75140928,24
54269098,24
80802435,24
43268967,24
53651890,24
69832075,24
45658582,24
3016246,24
9244266,24
63779890,24
61091512,24
8551728,24
77722181,24
69908473,24
38458552,24
16754126,24
24784644,24
86152802,24
13258419,24
10107807,24
74327641,24
86643757,24
32353997,24
94691821,24
30045115,24
30852600,24
48610572,24
60781138,24
1572476,24
34321681,24
71549442,24
37499365,24
77842480,24
20015972,24
37752238,24
31076647,24
54130400,24
23301270,24
75197888,24
36157521,24
88289381,24
11857658,24
23232881,24
66188424,24
19860811,24
15246714,24
96941213,24
87889080,24
64907307,24
64394191,24
64394191,24
77886525,24
47435431,24
67072241,25
33403962,25
44605371,25
19419573,25
5369439,25
44377654,25
61200974,25
74000348,25
41111523,25
87026219,25
27520271,25
24825413,25
18223749,25
48055858,25
63397663,25
84011156,25
41500096,25
34253517,25
51794224,25
98719902,25
63715265,25
99654930,25
15994091,25
23992638,25
21338518,25
70533630,25
91174124,25
32570329,25
37499830,25
1716518,25
30534935,25
24931782,25
93768099,25
39797965,25
40243338,25
99327426,25
39869317,25
1222169,25
56321651,25
30152723,25
84811816,25
42897771,25
69991881,25
69991881,25
22606088,25
80865310,25
31325383,25
34285498,25
8180340,25
82718827,25
8543853,25
18108307,25
49732061,25
45575703,25
67258961,25
81640072,26
272807,26
30447429,26
33907022,26
94930507,26
5446631,26
96530809,26
40012490,26
71431438,26
71431438,26
20149502,26
96501399,26
19076942,26
58333896,26
19485449,26
90544428,26
46274319,26
28854031,26
46935729,26
9400063,26
78524144,26
9282205,26
75757096,26
22750693,26
32074958,26
86147038,26
54568583,26
94691821,26
37399378,26
53985769,26
600206,26
87114362,26
87114362,26
52416853,26
41400042,26
15994091,26
72979508,26
67951928,26
15952288,26
46557420,26
19694521,26
14194646,26
17962344,26
90555268,26
55846899,26
31193480,26
71725930,26
95506234,26
17598963,26
19297143,26
81429791,26
44528300,26
32252825,26
41181811,26
29692013,26
24539275,26
41822113,26
27732338,26
16947157,26
15061015,26
41399982,26
54821749,26
17809108,26
93545356,26
49468591,26
77886525,26
56056283,27
59225604,27
94278993,27
9679349,27
10746360,27
44377654,27
50533027,27
79838357,27
53163215,27
41605140,27
69058622,27
90544428,27
58540708,27
23627830,27
84019081,27
10353966,27
23352685,27
40596481,27
44897902,27
22750693,27
81140503,27
97489523,27
15391144,27
15448083,27
82255730,27
58281498,27
77466178,27
52416853,27
37407371,27
74075718,27
47569835,27
70098893,27
71259731,27
34604435,27
30192653,27
64902591,27
97644116,27
7144138,27
65448404,27
26722178,27
26662093,27
87576176,27
75324556,27
78986631,27
7791274,27
6736826,27
65581888,27
67333377,27
2034385,27
81264051,27
40432781,27
903209,27
32169272,27
67306105,27
10710402,27
68959178,27
32475191,27
48267083,27
25742538,27
40676869,28
78433541,28
74270610,28
74081780,28
36152590,28
98896249,28
4390709,28
42723637,28
21126430,28
40976149,28
21025191,28
63798473,28
85138983,28
91679185,28
16182038,28
11315614,28
40596481,28
40596481,28
67665979,28
24258225,28
35844310,28
48055858,28
98623392,28
20609759,28
8295591,28
18774963,28
31463338,28
88949430,28
40750388,28
19694521,28
78768051,28
12853131,28
9848860,28
70223473,28
14385760,28
43608178,28
95506234,28
5715372,28
32793907,28
4550670,28
28566260,28
39566580,28
935773,28
21180236,28
99327426,28
80925801,28
3830977,28
50674349,28
36889356,28
12705074,28
903209,28
40162768,28
8180340,28
1698155,28
64394191,28
98841595,28
40784218,28
87379392,28
98557286,29
9679349,29
24410736,29
55460680,29
41383885,29
8762511,29
77722181,29
46738143,29
8662511,29
48373173,29
93838652,29
646480,29
70774772,29
85987756,29
94628837,29
86738119,29
2754148,29
55782272,29
6252329,29
89997377,29
41771395,29
32998639,29
91785397,29
77466178,29
32142207,29
1089327,29
86023210,29
53333669,29
23992638,29
95151657,29
26722178,29
69355903,29
36740401,29
41591980,29
5725930,29
18407552,29
46433212,29
63498391,29
78714815,29
26628621,29
20326256,29
32183619,29
87889080,29
30801949,29
61388393,29
86880268,29
24012868,30
51142219,30
62287583,30
50882479,30
97508934,30
32691202,30
96501399,30
54772167,30
64149700,30
25166828,30
99356922,30
46935729,30
45461931,30
9400063,30
64888338,30
9282205,30
4669356,30
58479017,30
11399533,30
74623725,30
55782272,30
66382519,30
84646931,30
47569835,30
62994943,30
10311958,30
76458366,30
56729054,30
85759425,30
84476681,30
38789948,30
18609597,30
40265266,30
51589892,30
50182975,30
87426191,30
77895047,30
17790865,30
65772571,30
37156098,30
40518405,30
81278825,30
4863653,30
11571911,30
33684988,30
23333861,30
8543853,30
37831375,30
93942402,31
75383071,31
28681827,31
16955254,31
47480339,31
32512490,31
3016246,31
9601920,31
46274319,31
21997917,31
70774772,31
4669356,31
59900753,31
90905312,31
66217923,31
44596277,31
61958516,31
78850376,31
80313065,31
98623392,31
71019451,31
63041211,31
8295591,31
53333669,31
83921382,31
37511334,31
32277412,31
46603266,31
40178126,31
48123415,31
92417760,31
14839322,31
77797301,31
75197888,31
44774953,31
87576176,31
18779530,31
41823920,31
39566580,31
85447037,31
57094350,31
27296884,31
14065607,31
74459883,31
3239453,31
31325383,31
74358551,31
54821749,31
66121042,31
54206249,31
47435431,31
32475191,31
10506275,32
97179289,32
44605371,32
94278993,32
79511516,32
64906138,32
3173064,32
79088493,32
55915100,32
90905312,32
14429048,32
83592960,32
85961828,32
43482241,32
17190975,32
17190975,32
82255730,32
81261842,32
47877065,32
11135534,32
261550,32
40265266,32
38887235,32
7960825,32
8579950,32
69123446,32
69275499,32
88057220,32
79914064,32
71725930,32
52304301,32
50429741,32
49992796,32
12915680,32
35275983,32
37669791,32
90478183,32
96609274,32
10945225,32
49899006,32
40784218,32
23586150,33
67848519,33
80031141,33
98896249,33
76250626,33
92590554,33
51633315,33
76451431,33
74195469,33
77564218,33
59660342,33
77503019,33
47821972,33
13371974,33
51288934,33
81032207,33
94903652,33
87985580,33
65302401,33
98644145,33
67331999,33
4669356,33
81713724,33
1183723,33
61985551,33
19144047,33
85126710,33
88376860,33
10713293,33
86521856,33
64902591,33
2256065,33
2385796,33
70223473,33
43608178,33
78696820,33
83927989,33
44720350,33
2935246,33
2935246,33
1645482,33
26275409,33
85071681,33
2511859,33
80888366,33
53797556,33
25742538,33
11075666,33
64649505,34
1337302,34
75383071,34
88663100,34
8537445,34
47480339,34
45658582,34
57123587,34
79774956,34
64149700,34
28854031,34
50676980,34
85138983,34
8861114,34
26426342,34
12132178,34
56572834,34
88661010,34
10107807,34
86147038,34
86638782,34
21138699,34
55433403,34
26935952,34
81716273,34
34066022,34
58326979,34
87036616,34
58135604,34
15621287,34
52269038,34
52313186,34
15057956,34
88305606,34
86772969,34
82707115,34
56437031,34
56437031,34
13590830,34
20015972,34
17948461,34
10055203,34
6604912,34
43182506,34
63827641,34
18514172,34
81545173,34
19012005,34
52636497,34
88289381,34
31088291,34
95761022,34
52174750,34
65772571,34
74014105,34
57745253,34
57745253,34
19417572,34
88855333,34
89276160,34
80640175,34
93545356,34
34464203,34
98841595,34
81271473,34
89758948,34
29269230,35
10813953,35
52349031,35
55809063,35
83193172,35
22539805,35
49989820,35
83489121,35
78560688,35
84748625,35
25802104,35
64713886,35
4927823,35
85507986,35
78197389,35
75863340,35
2122644,35
96258183,35
60400347,35
25088273,35
15098117,35
79378090,35
35879035,35
80894281,35
261550,35
30192653,35
40165255,35
73021855,35
92600516,35
63342464,35
2526831,35
1716518,35
79434544,35
2226500,35
7897010,35
85447037,35
84183589,35
9786026,35
29886692,35
49509955,35
19860811,35
11571911,35
84224527,35
97215489,35
26275409,35
16487579,35
49342041,36
42794680,36
5964549,36
23586150,36
18899131,36
31085601,36
9580778,36
57123587,36
52482455,36
71644263,36
29498588,36
91679185,36
85987756,36
16993790,36
78215494,36
83592960,36
11093004,36
19256723,36
22651830,36
23996380,36
11135534,36
58135604,36
94921446,36
91015130,36
67048757,36
36453899,36
7719042,36
95618437,36
80894281,36
14194646,36
34300991,36
14898365,36
14898365,36
47209852,36
63827641,36
83508813,36
88120300,36
58945749,36
15508945,36
91741786,36
63642081,36
17460426,36
87818700,36
84227634,36
84681817,36
935773,36
50529840,36
32179400,36
39162161,36
71860173,36
41031205,36
96290109,36
85516695,36
23333861,36
15129221,36
95154618,36
87298394,36
86643002,37
40676869,37
12790966,37
90198623,37
3015835,37
18407781,37
82101911,37
71886145,37
79774956,37
79774956,37
9244266,37
47217044,37
6334537,37
4815859,37
88764136,37
4963085,37
36079508,37
79799491,37
11774292,37
50416723,37
50416723,37
46674680,37
32870370,37
37399378,37
49438199,37
29623376,37
56887810,37
5534401,37
79378090,37
20118327,37
47349039,37
78246331,37
67951928,37
18609597,37
90744762,37
7449044,37
97633287,37
72841711,37
93571659,37
5118358,37
5725930,37
42923874,37
94224689,37
7791274,37
5893113,37
93875724,37
59389589,37
81482297,37
6736826,37
86884650,37
10899189,37
3830977,37
79404193,37
22038938,37
76542717,37
94326724,38
28432870,38
56889743,38
13967159,38
21855471,38
83193172,38
57354332,38
13375113,38
13371974,38
81767765,38
78524144,38
75863340,38
70774772,38
13011043,38
11315614,38
26344202,38
41111523,38
10845270,38
49896718,38
53110309,38
48785048,38
55015201,38
24268000,38
76990574,38
18774963,38
91015130,38
41400042,38
44060394,38
60450867,38
261550,38
35025904,38
91924154,38
40265266,38
30192653,38
39775247,38
95686563,38
6604912,38
91614652,38
44774953,38
39857439,38
2813734,38
39451342,38
93571659,38
55658623,38
55658623,38
78185044,38
94296601,38
45583458,38
87774311,38
13712803,38
42923874,38
43508167,38
64754550,38
13833876,38
53161620,38
40571874,38
55409731,38
18403905,38
17809108,38
46123612,38
40653610,38
33259825,38
33259825,38
45184140,38
4922396,38
11931295,38
74041115,39
34396973,39
25209750,39
18899131,39
6866876,39
95580103,39
63811495,39
69832075,39
16151697,39
71886145,39
1094238,39
4963085,39
35844310,39
31202041,39
58662904,39
25932285,39
29623376,39
16386530,39
58281498,39
69204408,39
20118327,39
9732885,39
32482337,39
53276111,39
43717671,39
8296029,39
49038998,39
29750883,39
8822763,39
31926634,39
68993800,39
41181811,39
31088291,39
73026514,39
73871866,39
61995630,39
51089390,39
91848347,39
88884845,39
46123612,39
62359782,40
71737855,40
80417886,40
76938099,40
4362412,40
43759988,40
81732781,40
71644263,40
79676777,40
91041469,40
93838652,40
74000348,40
27520271,40
44596277,40
39069008,40
32870370,40
95437816,40
11388373,40
6252329,40
84011156,40
38656595,40
1572476,40
87036616,40
47500268,40
15655891,40
1089327,40
57989343,40
92925722,40
48843320,40
7960825,40
65448404,40
50195090,40
97321298,40
59103103,40
40619412,40
1253492,40
1251030,40
23812352,40
24931782,40
94864722,40
94864722,40
72498506,40
96960229,40
9766223,40
95246434,40
40571874,40
55409731,40
53317654,40
74902743,40
42033538,40
24012868,41
56056283,41
62599331,41
57100455,41
345213,41
86030246,41
55846565,41
22539805,41
740810,41
54736690,41
92590554,41
16151697,41
8838465,41
10918045,41
39735873,41
81732781,41
25559842,41
6451486,41
74411556,41
41009094,41
9400063,41
9282205,41
11774292,41
24258225,41
49896718,41
33074818,41
96259758,41
97779587,41
82560516,41
5412088,41
61257976,41
36291464,41
2754490,41
83651505,41
40465917,41
36574631,41
87426191,41
63361399,41
12590639,41
87256584,41
48493583,41
58980391,41
87187935,41
36740401,41
30294703,41
63084250,41
18514172,41
18944634,41
39566580,41
85447037,41
5893113,41
71846568,41
93875724,41
73012667,41
71898823,41
21262464,41
25238253,41
51052997,41
42962337,41
18483394,42
28432870,42
28681827,42
6866876,42
22493000,42
91539153,42
25775439,42
82500124,42
95277359,42
4927823,42
63592430,42
41111523,42
87926266,42
63813043,42
31115716,42
4549473,42
59229077,42
9943821,42
73021855,42
23341909,42
69123446,42
1716518,42
79434544,42
93938504,42
23812352,42
11265151,42
3330156,42
59154167,42
43508167,42
83927989,42
79404193,42
37966104,42
21262464,42
12705074,42
12795933,42
66121042,42
45074575,42
16487579,42
74041115,43
18483394,43
78594931,43
3015835,43
47524073,43
49986883,43
64906138,43
22191023,43
97757242,43
60698731,43
92939019,43
67167722,43
39554471,43
10353966,43
77281448,43
14208632,43
14208632,43
2122644,43
2754148,43
94452870,43
9607273,43
9607273,43
18374411,43
98106264,43
32192117,43
48055858,43
22651830,43
24268000,43
58326979,43
76990574,43
8295591,43
74075718,43
1166349,43
5048914,43
4549473,43
88057220,43
55658623,43
87576176,43
62130900,43
31664035,43
33411509,43
53284087,43
5524342,43
6624950,43
63471585,43
74014105,43
84811816,43
65839163,43
5626152,43
22741919,43
96172861,43
1698155,43
1495437,43
68105450,43
23333861,43
45184140,43
27573615,43
62465632,43
34529365,44
5446631,44
48973174,44
96530809,44
3015835,44
32697283,44
98326298,44
62260140,44
601641,44
27845612,44
77503019,44
71886145,44
36742695,44
50693645,44
39554471,44
79649790,44
49287406,44
29526020,44
56451302,44
77277371,44
32957362,44
46674680,44
59200597,44
95437816,44
73527972,44
8294156,44
58326979,44
77466178,44
37629065,44
37629065,44
83921382,44
97030428,44
32482337,44
88491680,44
21095360,44
95151657,44
22523564,44
82265552,44
36622523,44
2256065,44
49038998,44
43911750,44
14385760,44
48493583,44
79434544,44
94296601,44
45583458,44
24931782,44
89918128,44
41181811,44
3740057,44
81482297,44
68687712,44
37156098,44
51111357,44
53161620,44
33928267,44
67258961,44
81640072,45
20297427,45
62359782,45
9469996,45
36152590,45
18407781,45
76752810,45
7512751,45
22191023,45
601641,45
20711858,45
12956404,45
50693645,45
81032207,45
34500949,45
20117430,45
87129620,45
38801873,45
67665979,45
72596283,45
56246664,45
77750344,45
26935952,45
30219832,45
73527972,45
57662881,45
86023210,45
15057956,45
46603266,45
45500622,45
77842480,45
78491316,45
23301270,45
70223473,45
97633287,45
82203760,45
39733582,45
30534935,45
93938504,45
2226500,45
84343544,45
81545173,45
44992599,45
71846568,45
72498506,45
80925801,45
51111357,45
40427112,45
56464441,45
95246434,45
19417572,45
51052997,45
83967422,45
20049898,45
50012630,45
65261542,45
71487860,46
95598558,46
80031141,46
7506183,46
43268967,46
25775439,46
4362412,46
82500124,46
51288934,46
26841613,46
58479017,46
12728166,46
94628837,46
50416723,46
72596283,46
61958516,46
25793799,46
7907908,46
30852600,46
56037142,46
600206,46
61372847,46
22936413,46
22936413,46
20492049,46
47500268,46
89862488,46
59974359,46
71259731,46
86772969,46
53979456,46
40165255,46
85794552,46
80951850,46
32677539,46
56479846,46
3410811,46
24073641,46
72275370,46
32283256,46
90478183,46
1365308,46
19417572,46
88891046,46
25756637,46
87889080,46
67258961,46
73125953,47
43170320,47
53124525,47
24778325,47
53146374,47
56802202,47
16955254,47
28915785,47
63980217,47
46637912,47
76451431,47
64713886,47
68966279,47
6451486,47
88380609,47
53764397,47
64814865,47
14222820,47
93838652,47
36342855,47
81994705,47
90987704,47
6942633,47
46137460,47
27520271,47
14429048,47
46674680,47
82049104,47
56881476,47
53401166,47
15448083,47
60761962,47
87114362,47
28994343,47
81511509,47
15590064,47
89862488,47
63041211,47
2203242,47
20118327,47
44060394,47
76969435,47
54991135,47
11018573,47
12853131,47
88211658,47
25468937,47
84183872,47
58980391,47
17598963,47
33411509,47
13801299,47
17460426,47
79982342,47
67121717,47
20682287,47
86591949,47
12576978,47
51111357,47
26641025,47
22837995,47
71941857,47
22718154,47
34285498,47
86044803,47
34033412,48
71737855,48
1661565,48
49986883,48
83557854,48
54269098,48
58322945,48
51633315,48
93310149,48
58333896,48
40976149,48
82500124,48
16081548,48
92939019,48
90544428,48
56215752,48
40135904,48
283544,48
97851610,48
87575601,48
37845196,48
68705621,48
16993790,48
11482434,48
48999068,48
97243046,48
32385506,48
11093004,48
56246664,48
83100189,48
58662904,48
3858213,48
42028026,48
35879035,48
10896182,48
7413709,48
88120300,48
13801299,48
89918128,48
93768099,48
65581888,48
10899189,48
99395488,48
99395488,48
91848347,48
4913843,48
64907307,48
1698155,48
96300787,48
91712539,48
40488794,48
49342041,49
7414222,49
21580951,49
54772167,49
83754378,49
77503019,49
62291048,49
92939019,49
95277359,49
84992513,49
56215752,49
83742047,49
23627830,49
88748374,49
31393206,49
48208879,49
6968553,49
14429048,49
58662904,49
15448083,49
13704235,49
7928174,49
30219832,49
61372847,49
81261842,49
10936213,49
74560447,49
41895781,49
69433775,49
31463338,49
59202916,49
64522193,49
55518524,49
37499365,49
99142310,49
38893661,49
12853131,49
93704410,49
22311937,49
63361399,49
7449044,49
69275499,49
78888790,49
85381850,49
42633991,49
81319428,49
91741786,49
65067358,49
53042471,49
52636497,49
17809108,49
86726182,49
87298394,49
98014206,49
98557286,50
56889743,50
25209750,50
29269230,50
5058085,50
30843856,50
1661565,50
75312054,50
72413280,50
18407781,50
19693475,50
10918045,50
53764397,50
12956404,50
9436223,50
70729891,50
65302401,50
86152802,50
29451372,50
24258225,50
78408969,50
37399378,50
28882237,50
79694554,50
22651830,50
30837746,50
37629065,50
68021069,50
74075718,50
18774963,50
69433775,50
81232103,50
81232103,50
88184957,50
9943821,50
11018573,50
66090163,50
64706253,50
33545144,50
2385796,50
6604912,50
69123446,50
56479846,50
87187935,50
41591980,50
68993800,50
96618298,50
12915680,50
2034385,50
38802034,50
1365308,50
85516695,50
57810110,50
67658195,50
86044803,50
48267083,50
272807,51
98025093,51
86643002,51
52838839,51
6866876,51
53260489,51
30843856,51
57100455,51
96501399,51
43268967,51
71435284,51
52482455,51
72874723,51
81732781,51
1650940,51
4815859,51
51288934,51
8662511,51
16754126,51
92635751,51
26426342,51
20194903,51
11482434,51
47917803,51
13704235,51
48610572,51
63397663,51
65520292,51
78246331,51
64522193,51
39775247,51
31076647,51
22158950,51
97633287,51
32570329,51
1957846,51
87631621,51
28078487,51
32252825,51
96618298,51
94864722,51
93875724,51
81482297,51
91972736,51
37669791,51
42897771,51
33684988,51
33684988,51
59562767,51
64087908,51
65532430,51
87298394,51
47231895,51
80888366,51
32475191,51
86880268,51
43170320,52
51142219,52
52405115,52
72493886,52
75803281,52
97414366,52
32691202,52
80417886,52
85778388,52
25775439,52
78560688,52
97757242,52
58333896,52
39735873,52
16081548,52
21025191,52
76764963,52
50693645,52
45461931,52
21997917,52
29498588,52
64355397,52
79649790,52
38303628,52
94187127,52
98343127,52
23766470,52
16748989,52
62522808,52
56572834,52
29526020,52
87874111,52
82618524,52
21783411,52
3973092,52
29623376,52
91005145,52
10936213,52
81511509,52
7770645,52
35726021,52
64629061,52
97030428,52
5048914,52
8907280,52
84476681,52
38893661,52
34604435,52
85387406,52
73021855,52
63361399,52
73572213,52
85794552,52
9815284,52
41434386,52
1253492,52
9112935,52
75324556,52
11265151,52
18514172,52
68993800,52
6026731,52
39797965,52
11857658,52
94496277,52
85378525,52
12576978,52
71941857,52
96290109,52
98939728,52
80640175,52
97215489,52
97215489,52
94612089,52
30105239,52
53124525,53
23586150,53
70548025,53
63811495,53
76250626,53
15587421,53
7512751,53
92590554,53
84992513,53
97851610,53
11683391,53
59977685,53
26426342,53
73248752,53
29526020,53
88661010,53
93203588,53
83306464,53
60761962,53
41771395,53
34066022,53
92599081,53
7770645,53
59974359,53
75195305,53
43393409,53
50182975,53
36320406,53
80951850,53
88057220,53
69355903,53
56479846,53
4550670,53
73800157,53
13712803,53
31135022,53
54151446,53
76639255,53
91894026,53
44346970,53
22718154,53
30801949,53
32169272,53
17321803,53
23616611,53
30447429,54
56802202,54
50882479,54
48808158,54
45167386,54
80031141,54
46542985,54
76250626,54
15587421,54
26730132,54
67031797,54
69722085,54
66797657,54
68966279,54
41009094,54
82536675,54
27376538,54
30593611,54
56037142,54
20609759,54
3858213,54
38656595,54
31226270,54
56668430,54
71664033,54
99654930,54
26299483,54
53979456,54
33886250,54
25468937,54
55177629,54
23341909,54
22158950,54
59103103,54
21190203,54
96060465,54
11719509,54
87631621,54
89898109,54
28566260,54
89918128,54
93768099,54
20682287,54
31135022,54
47075942,54
73282824,54
86671149,54
64754550,54
84224527,54
89276160,54
77350792,54
49899006,54
40247275,54
74041115,55
94326724,55
30424412,55
7414222,55
77365872,55
22493000,55
18417774,55
63980217,55
54269098,55
19485449,55
88380609,55
61091512,55
41009094,55
69039380,55
86738119,55
42052048,55
94452870,55
71782072,55
26935952,55
11399828,55
57747840,55
92506070,55
62994943,55
10452007,55
56729054,55
8907280,55
21410262,55
38893661,55
83651505,55
90555268,55
10055203,55
97321298,55
92085620,55
99501453,55
7881910,55
6390094,55
66864916,55
79720680,55
71898823,55
1417424,55
9766223,55
30801949,55
96172861,55
8180340,55
73327070,55
42962337,55
62465632,55
29977294,55
94612089,55
30105239,55
85133648,55
