doctor_id,hospital_id,is_active
11883962,72589,False
11883962,63143,True
11883962,55238,True
34529365,89688,True
34529365,12223,True
74041115,53674,False
58674190,83514,False
58674190,40811,True
40782091,41744,True
40782091,5957,False
93942402,35114,True
93942402,1098,False
93942402,21004,False
73125953,73078,False
73125953,96338,True
43170320,87826,False
49342041,82345,False
49342041,10988,False
64649505,88199,True
64649505,31577,False
77687931,95978,True
77687931,62969,False
85944731,5260,False
94326724,22279,False
42794680,48278,False
81640072,87575,False
81640072,21655,False
81640072,56719,True
41344806,34775,True
41344806,59185,True
5964549,87052,False
5964549,90546,True
5964549,3185,False
41288140,57800,True
41288140,9395,True
1537553,42058,True
98557286,67715,True
98557286,1018,False
98557286,9711,False
1337302,93500,False
1337302,94204,False
6762501,53674,False
6762501,80228,True
33701548,89688,False
33701548,35842,False
53124525,48008,True
20297427,33190,False
272807,96338,False
272807,69336,True
272807,22279,True
30447429,1881,True
30447429,10696,False
30447429,45339,False
24012868,87274,False
24012868,3655,True
24012868,62342,True
33907022,62969,False
98025093,3655,True
98025093,45339,False
98025093,30161,True
94930507,79950,False
86643002,93679,True
86643002,36592,True
86643002,208,False
49641127,9993,False
67072241,82379,False
71487860,67831,False
76862520,48278,False
99065903,52080,True
34396973,80491,False
34396973,33190,False
34396973,42058,True
4241630,9395,False
4241630,20479,False
4241630,52803,True
24778325,5260,False
24778325,31714,False
24778325,46828,True
30409662,71790,True
30409662,82379,False
30409662,22789,True
51142219,78574,True
51142219,64048,True
30424412,74743,False
41182206,67653,False
78590365,57051,True
78590365,74743,False
22141091,31749,True
10506275,21684,True
10506275,34237,False
10506275,79950,False
18483394,4092,False
44008081,96338,False
44008081,9063,True
10801881,48008,True
10801881,56795,True
10801881,39431,True
62230435,96338,True
62230435,87478,False
52405115,38992,True
52405115,27449,True
75383071,67831,False
75383071,5752,False
75383071,40211,True
76489788,83599,False
78594931,91413,True
73265638,45598,False
73265638,73584,False
36652884,63586,True
36652884,82379,True
36652884,2592,True
72493886,5260,True
72493886,19039,False
72493886,33908,True
23586150,10752,False
23586150,34775,False
23586150,80491,False
53146374,48396,True
53146374,44974,False
53146374,29828,True
98624757,3655,True
52838839,42542,False
52838839,52080,True
52838839,48008,False
7414222,9993,False
28432870,87274,True
28432870,52454,True
56802202,28950,False
37738953,19039,False
6991943,4092,False
5044804,87296,False
5044804,67831,False
5044804,20479,True
52498455,91961,False
52498455,58874,False
52498455,71790,True
56867623,64048,True
72790242,11085,True
62287583,46828,False
62287583,28790,False
56056283,16498,False
64945018,42542,True
64945018,30161,True
95598558,93500,False
40676869,83599,True
40676869,5260,True
40676869,12223,False
28681827,59185,True
28681827,80661,True
62359782,58874,True
62359782,21483,False
5446631,51565,False
50882479,51705,False
50882479,52462,True
50882479,26424,True
78433541,133,True
41890020,12833,True
73468856,52854,True
73468856,83514,True
73468856,84059,False
5856080,99012,False
5856080,22789,False
56889743,23533,True
56889743,11983,True
56889743,44974,False
75803281,10043,False
75803281,84341,False
25209750,13357,False
25209750,108,False
9469996,9559,False
9469996,5752,False
9469996,26424,False
34542618,82345,True
34542618,48278,True
34542618,62342,True
97508934,87575,False
97508934,94204,True
97508934,84059,False
48808158,42542,True
48808158,34614,True
48808158,51726,False
81965627,1098,True
83240591,76553,False
83240591,89094,True
88663100,26424,True
88663100,33190,True
88663100,94554,True
68886546,51726,True
34033412,4092,True
34033412,67653,False
34033412,22310,True
38112544,47501,False
38112544,7247,True
12790966,22191,True
18899131,34237,True
16955254,96338,False
16955254,84982,True
29269230,36885,True
28376789,16531,False
77365872,52080,True
47288848,52462,False
6866876,22191,False
6866876,58202,True
6866876,49148,True
8537445,48008,False
43092727,27449,False
43092727,69683,True
5058085,1146,False
5058085,31181,False
59225604,40811,True
42213996,40159,False
42213996,78440,False
97179289,12447,True
97179289,16504,False
97179289,34237,False
96229886,71790,False
96229886,75902,True
21580951,51726,False
21580951,3185,True
21580951,29300,False
33403962,87575,False
33403962,87052,True
33403962,22191,True
48973174,11085,False
74270610,29502,True
74270610,7297,False
74270610,52462,True
82049882,87575,False
90898861,48396,True
90898861,87478,False
44605371,77328,False
44605371,60561,False
28915785,62969,False
94278993,75902,True
40774605,80228,True
40774605,96373,False
17968029,3655,False
17968029,93500,False
53260489,67831,False
22493000,86793,False
73256774,18179,False
73256774,54927,True
73256774,33908,True
7913731,80228,True
12944513,80491,True
12944513,57051,False
12944513,9559,True
38811549,58202,False
53987010,53674,False
45167386,12833,True
45167386,1146,False
45167386,52080,True
90198623,31714,True
90198623,52854,True
67848519,73078,True
96530809,55259,True
96530809,67831,True
96530809,30161,True
1580460,66963,False
72812513,48839,True
72812513,31577,True
72812513,34614,True
12972013,17233,False
36982218,57051,True
37836046,48278,False
37836046,62342,True
97414366,5260,True
9679349,17233,True
30843856,11983,False
40012490,24412,False
40012490,39749,True
81464614,63224,True
81464614,73078,False
10746360,51705,True
10746360,4092,True
10746360,21936,False
13967159,53977,True
3015835,9993,False
22002865,10043,True
22002865,87052,True
78595288,13946,False
78595288,76057,False
78595288,11085,True
32879709,1417,True
32879709,13946,False
32879709,13705,True
47524073,82379,True
47524073,52803,False
47524073,35842,False
31085601,22191,False
31085601,21333,False
53628284,52454,True
53628284,62342,False
53628284,79950,False
18417774,1146,False
71737855,11085,True
71737855,83073,True
20030482,6069,True
20030482,80311,False
19419573,71790,True
33524938,36885,False
21855471,13946,True
91277033,84190,True
91277033,91413,False
71431438,9711,True
71431438,57800,True
80031141,42335,True
80031141,89688,True
80031141,80228,False
19435193,48396,True
23184977,24590,False
23184977,33908,False
95522938,29502,True
95522938,133,True
95522938,41744,True
62599331,52149,False
62599331,78574,False
86422268,16498,False
69810764,36592,False
69810764,42542,False
69810764,77328,True
26607498,89688,False
26607498,20167,False
1661565,67831,True
49986883,9395,False
49986883,13357,True
61463530,65249,True
32697283,9063,True
20149502,7652,True
91729621,52462,False
91729621,39431,False
32691202,21004,False
57100455,1881,False
57100455,53977,False
57100455,24151,False
15498941,48396,True
15498941,41350,False
15498941,23533,True
74081780,26424,True
74081780,64048,False
74081780,21655,False
82140773,52854,True
82140773,10752,True
47480339,27071,False
47480339,51565,False
47480339,52854,False
41854554,1881,False
41854554,80491,False
96501399,33908,False
96501399,28950,False
19597328,75902,True
19597328,40159,True
23362639,32160,False
10813953,57677,True
10813953,52080,False
10813953,40811,True
11867117,63224,False
11867117,95978,False
10272669,18179,False
10272669,11060,True
10272669,51726,False
30891335,991,True
30891335,7247,False
30891335,48396,False
345213,67715,False
345213,22191,True
345213,76419,False
52349031,28893,False
79511516,86793,False
79511516,30755,True
79511516,1098,False
75312054,38718,False
75312054,53674,True
81347028,89094,False
63980217,12223,False
63980217,48278,False
64906138,87478,False
55809063,76057,True
55809063,22310,False
55809063,1881,False
83193172,16531,True
83193172,11983,True
72413280,47131,False
72413280,208,False
46474955,88325,False
46474955,19039,True
46474955,52454,False
5369439,67831,False
5369439,38992,True
5369439,24412,True
83557854,32160,False
14024836,6402,True
81757003,6402,False
81757003,40211,True
88653826,60561,True
44377654,6402,False
45795250,65770,False
45795250,1018,True
45795250,47131,True
91539153,11085,True
91539153,40811,True
62702957,26424,True
62702957,78574,False
62702957,99012,False
70548025,48278,False
70548025,616,False
70548025,9711,True
48515295,34237,True
48515295,21936,False
95580103,94554,True
95580103,76553,True
92290339,32160,True
92290339,80311,True
46542985,38718,True
46542985,11085,True
63614122,47501,False
63614122,73584,True
63614122,52854,True
47368833,63586,True
80417886,76419,False
91124135,37799,False
91124135,9395,False
41854444,88325,False
41854444,11911,False
36152590,133,False
72132586,80491,True
72132586,19416,False
72132586,41869,True
75140928,83599,False
54269098,47131,False
7506183,29300,True
7506183,52080,False
80802435,76419,False
80802435,10696,True
85778388,38992,True
85778388,42058,True
85778388,10696,False
71217787,76553,False
86030246,42213,True
62284044,55417,False
62284044,66963,False
98896249,11911,False
24410736,78440,True
24410736,86188,True
51175959,11060,False
51175959,53674,False
51175959,65249,True
64286613,51726,False
64286613,67653,True
63811495,28893,False
63811495,81954,False
63811495,72589,False
35280005,53674,False
35280005,76057,False
50533027,65770,True
79371666,13946,False
79371666,58102,False
79371666,93679,False
55846565,79950,False
55846565,42213,False
22539805,31714,True
22539805,47501,True
740810,16504,True
740810,57181,False
4143712,55586,True
5092301,86436,True
5092301,87052,False
5092301,83599,False
13810392,6069,True
13810392,82689,False
20565544,26424,True
20565544,73078,True
12809017,21004,False
12809017,133,True
12809017,82379,True
79838357,34614,False
79838357,6069,False
83584117,57443,True
83584117,9559,True
83584117,26424,True
9761869,3655,True
9761869,55586,False
76250626,34775,False
24235724,60738,False
24235724,47501,True
18407781,12447,False
18407781,12833,True
18407781,13946,True
89631403,53977,False
49989820,23533,False
4390709,96373,True
54736690,24151,True
82101911,78172,False
58322945,87478,False
43268967,21483,True
76752810,42058,False
76752810,7297,False
36845783,45339,True
36845783,21684,False
36845783,57677,True
7772579,9711,False
53651890,35114,False
53651890,22789,False
15587421,94204,False
7512751,52149,True
64299154,26424,False
64299154,89688,False
69832075,25500,True
69832075,58874,True
69832075,31749,True
8689151,72589,True
8689151,67831,False
3894171,1018,False
3894171,96373,True
3894171,7652,False
46637912,48396,True
46637912,52454,True
98326298,19425,False
98326298,44974,False
83489121,65249,False
32512490,51705,False
22191023,13946,True
92590554,24412,False
51633315,10043,True
51633315,21655,False
51633315,13946,True
25775439,45598,True
25775439,23533,True
14777205,54927,True
14777205,10696,False
14777205,1098,False
54772167,47131,False
54772167,75902,True
54772167,84982,False
78560688,76553,True
78560688,81954,False
19693475,52080,True
19693475,22310,False
84231381,59571,False
76451431,83599,False
96930166,16504,True
96930166,7652,True
84748625,19423,False
84748625,60738,False
9580778,49148,True
97730272,36592,False
97730272,51565,False
97730272,37799,True
76255978,41350,False
18771043,52080,True
18771043,89688,False
76938099,58202,False
4362412,38992,True
4362412,17609,False
3858659,44974,True
3858659,1098,True
25802104,79950,False
25802104,89688,False
74195469,10988,True
74195469,91166,False
74195469,87274,False
52797898,22191,False
89898137,48278,False
89898137,87478,True
62260140,73078,True
62260140,73857,True
62260140,3443,False
53163215,83073,True
53163215,92948,False
39353648,47131,True
39353648,73078,True
77564218,52803,True
77564218,41869,False
77564218,21684,False
97757242,94204,False
16151697,89688,True
16151697,28950,True
1566040,59185,True
33473764,86188,True
33473764,60738,False
33473764,96089,False
67294603,73584,True
67294603,2592,True
67294603,16498,True
42616229,3185,True
19076942,63224,True
19076942,11983,False
601641,55259,True
64713886,35842,True
64713886,51705,False
64713886,29300,True
40260034,39348,False
40260034,20479,True
40260034,10988,False
93310149,36632,True
93310149,87826,True
93310149,76553,False
58333896,16498,False
58333896,72447,True
27845612,39348,True
27845612,5752,False
45658582,133,True
45658582,11911,True
57123587,68185,False
57123587,9559,False
57123587,87575,False
43759988,30755,False
43759988,51726,False
59660342,9063,True
59660342,12833,False
59660342,72589,True
22857031,75539,True
22857031,90546,False
22857031,69336,True
47998395,96683,True
26730132,77328,False
26730132,90546,True
26730132,17609,True
3016246,29502,True
83754378,33190,True
40256924,28790,True
40256924,72447,True
40256924,94156,True
22688200,36885,False
22688200,39749,True
22688200,3443,False
5278316,58975,False
5278316,84982,True
5278316,61443,True
54421653,20479,False
54421653,67653,False
42723637,17609,False
42723637,35114,True
42723637,9993,True
21126430,9559,True
21126430,133,True
4438823,47499,False
4438823,80491,False
8838465,60714,False
71435284,7247,True
94984734,11911,False
85100997,20167,False
98356929,88325,True
98356929,12833,True
98356929,67831,False
41605140,58202,True
41605140,32160,True
41605140,11085,True
60153256,87478,False
60153256,74743,True
60153256,1417,True
72759717,48839,False
72759717,75539,True
72759717,17233,False
18447869,94156,True
18447869,46828,False
18447869,87826,True
52482455,991,False
52482455,1417,True
25892493,52080,True
77503019,47499,False
77503019,22279,False
96981535,91413,False
92567486,44974,False
67031797,11911,False
67031797,108,True
71886145,6402,False
71886145,13705,True
79774956,71790,True
79774956,5752,True
79774956,29502,False
69722085,82085,True
29624019,57051,False
29624019,37799,True
40976149,51565,False
40976149,58975,True
40976149,16531,True
82500124,9594,False
66797657,95978,True
47821972,37799,True
47821972,16498,False
47821972,83514,False
55704601,42542,True
55704601,95978,False
55704601,38992,True
10918045,65249,True
10918045,9711,False
57354332,76689,False
57354332,79950,True
57354332,84341,True
9244266,3206,True
9244266,40211,False
63779890,64048,False
63779890,73857,False
64149700,3185,False
25166828,23533,True
25166828,67831,False
23233062,55238,False
23233062,991,True
23233062,83599,False
60698731,57800,True
60698731,31749,True
60698731,89094,True
89126601,72447,False
89126601,67715,True
89126601,32160,True
7471224,65249,False
7471224,991,False
7471224,46828,True
47217044,84982,True
47217044,61443,False
47217044,11983,True
11841638,12447,False
11841638,80311,False
68966279,48396,True
34879183,68185,True
34879183,54927,False
34879183,93500,False
15015640,51726,False
15015640,1881,True
19485449,80228,True
8700397,1146,False
8700397,19416,False
8700397,72589,False
23846538,72447,True
9601920,58102,False
72874723,82379,True
72874723,16498,False
39735873,91961,False
39735873,10696,True
39735873,78574,True
69058622,7247,True
16081548,72589,False
16081548,42542,True
81732781,22279,True
81732781,27449,False
81732781,92948,False
62291048,55586,False
62291048,22310,False
71644263,10043,True
71644263,13705,False
71644263,84341,True
92939019,86793,False
92939019,11911,False
25559842,23533,True
25559842,28893,False
25559842,21483,False
67167722,991,True
67167722,6069,True
95277359,46828,False
449685,30755,False
449685,78172,True
56559786,89094,True
1650940,56719,False
1650940,48839,False
79676777,86793,True
79676777,36885,False
79676777,63224,False
90544428,86436,False
27294025,1417,False
6334537,25500,True
6334537,51705,False
6334537,35114,False
13375113,14467,False
13375113,9594,False
13375113,58874,False
3018284,133,True
6451486,83073,True
6451486,88199,False
98467836,12223,False
98467836,87052,True
32009682,65249,False
32009682,3185,False
32009682,28893,True
13371974,12223,True
4815859,20167,False
88380609,19423,True
88380609,96089,False
88380609,65387,True
68918541,41869,False
84992513,87052,False
84992513,1146,True
84992513,84190,False
51288934,57181,True
51288934,41744,False
51288934,38718,True
21025191,2592,True
21025191,78574,True
76764963,21483,False
36742695,67715,True
36742695,991,True
63798473,28950,False
33253277,95978,False
33253277,3655,False
33253277,84982,False
31576342,73857,False
31576342,22191,True
31576342,27071,False
10356506,57051,True
20711858,58102,False
20711858,23533,False
4927823,73140,True
53764397,77328,True
53764397,38992,True
63592430,34775,False
65521154,82689,True
65521154,86436,False
65521154,1146,True
55460680,21684,False
55460680,86436,False
12956404,17609,True
12956404,41869,True
70062347,4092,False
70062347,84341,False
70062347,42058,False
56215752,52149,True
56215752,21684,True
56215752,87575,False
40135904,19425,False
40135904,49148,True
50693645,82345,True
50693645,11060,False
81767765,51565,True
81767765,43243,False
46274319,21936,False
28854031,10696,True
19563391,31577,True
19563391,57677,False
41383885,40211,True
41383885,27071,False
41383885,48396,True
37502059,41869,True
37502059,93500,True
37502059,52803,True
60771824,51565,True
60771824,73857,False
81032207,31714,True
81032207,4092,False
32009660,77328,True
32009660,57443,True
99356922,42542,False
99356922,73857,False
99356922,2592,False
283544,33190,True
46935729,78574,True
46935729,27071,False
61091512,83073,False
72534182,11085,False
45461931,44974,True
45461931,3443,False
27801588,82689,False
9462620,81954,False
9462620,3443,True
50741277,79950,True
21997917,56719,False
21997917,55586,True
21997917,52149,False
3173064,38718,True
3173064,22310,True
74411556,9711,False
89671027,57800,True
58540708,4092,False
58540708,1098,True
58540708,93500,False
8551728,11085,False
8551728,6069,False
97851610,75539,False
97851610,44974,True
97851610,77474,True
39554471,133,True
39554471,31749,False
39554471,5957,True
88764136,12223,False
88764136,51565,False
85507986,96683,True
85507986,87052,False
83742047,2592,False
51107466,1098,True
51107466,62342,False
51107466,77328,True
68134200,3655,False
68134200,34237,False
8762511,82379,True
8762511,16504,False
8762511,80228,False
77722181,61443,True
77722181,79950,True
19671852,78440,False
50676980,14467,True
50676980,13946,True
87575601,108,False
77992642,16531,True
77992642,62969,True
77992642,9993,False
64814865,96089,False
64814865,10752,False
64814865,64048,True
52971769,76057,True
52971769,61070,False
52971769,74743,True
91041469,59571,True
91041469,28893,False
91041469,16498,True
29498588,1098,True
29498588,67653,False
29498588,3206,True
97754171,21936,False
97754171,51726,True
46738143,87296,False
46738143,96338,True
46738143,52803,True
95032089,47501,True
95032089,58874,True
95032089,86436,False
34500949,31714,True
34500949,95978,False
34500949,24590,True
8662511,2592,False
8662511,43243,False
41009094,108,False
41009094,41869,True
98227136,42058,False
86387546,17609,True
86387546,10696,True
69908473,42335,True
69908473,52462,False
23627830,24412,True
23627830,48396,False
80904635,48396,True
80904635,73584,False
80904635,33908,False
61103174,35114,False
61103174,36592,True
61103174,93500,False
9400063,79950,True
9400063,19416,True
78524144,51726,True
78524144,82345,False
78524144,46363,False
84268822,80228,True
84268822,87478,True
84268822,31577,False
89439971,38331,False
89439971,48008,True
89439971,11085,False
84019081,3655,True
32722174,17609,False
32722174,75539,True
38458552,73584,True
85138983,60738,False
85138983,36632,True
16754126,63143,False
16754126,30161,True
9436223,55586,False
64355397,76419,False
64355397,56795,True
64355397,52080,False
48373173,96373,False
48373173,1146,False
48373173,21684,False
11683391,77328,False
8861114,13946,True
8861114,67653,False
8861114,42542,True
14222820,55417,True
28319637,33908,False
28319637,1881,True
41726822,84341,False
41726822,62342,False
41726822,43243,True
19989278,52854,True
19989278,38718,True
45776243,86436,False
45776243,61443,False
92635751,74743,False
49065214,17233,False
78197389,86793,True
78197389,11983,False
53331,66963,True
53331,31577,True
79649790,31714,True
94269188,87826,False
94269188,24590,True
37758824,78172,True
37758824,43243,False
38303628,52149,False
38303628,36592,True
38303628,63586,False
91268696,133,False
91268696,76689,False
91268696,48839,False
70729891,36592,False
64888338,87274,True
64888338,27071,True
64888338,78574,False
94187127,11060,True
61200974,1881,False
99388285,77328,False
99388285,86188,True
99388285,108,False
93838652,84190,False
69602332,55586,True
69602332,73584,False
94903652,77474,True
94903652,88325,False
24784644,90546,True
24784644,57181,False
24784644,30755,False
10659431,75902,False
10659431,9395,False
10659431,91413,True
14012029,19423,False
50205113,60561,False
50205113,36592,False
98343127,58975,True
54289181,60561,False
6083134,94156,False
6083134,41869,False
88748374,55586,False
88748374,91961,True
10353966,77474,False
10353966,25500,True
10353966,108,True
87985580,29300,False
59977685,21004,False
37845196,30755,True
37845196,99012,False
646480,53674,False
646480,84059,True
73144545,10043,False
73144545,9395,False
28459799,60738,True
44016536,82689,True
65302401,23533,False
65302401,7297,False
36342855,52149,True
42398368,55586,False
42398368,54927,False
81994705,66963,False
81994705,44974,True
31259682,37799,True
74000348,1881,False
74000348,94204,True
74000348,28893,True
1094238,52080,True
1094238,40211,False
1094238,91413,False
75863340,48278,False
75863340,3185,False
4963085,79950,False
4963085,52462,True
59767441,39431,True
59767441,108,False
59767441,52454,True
12549467,75902,False
12549467,9993,False
68705621,80228,True
23766470,10752,False
23766470,9993,False
91679185,57051,False
95484863,52169,False
70774772,90546,True
70774772,87478,False
70774772,79950,False
76832665,6402,True
76832665,57800,False
20290942,79950,False
20290942,77328,True
20290942,616,False
40557619,35029,False
40557619,61443,False
40557619,92948,False
90987704,108,False
6942633,92948,False
6942633,82379,True
6942633,41350,True
98644145,76689,False
98644145,67715,False
20117430,1417,False
20117430,41869,False
20117430,9711,True
26841613,3185,True
67331999,80491,True
67331999,60561,False
9282205,3185,False
61610590,89688,True
77281448,60561,True
77281448,108,True
4669356,60738,True
4669356,46363,False
4669356,68185,True
26426342,13357,False
57627852,40159,True
49287406,52454,True
49287406,82689,False
69039380,45598,False
84265601,55259,True
84265601,616,False
84265601,34614,True
36079508,18179,True
36079508,19039,True
36079508,66963,False
97257563,87478,True
97257563,80228,False
16748989,76057,True
16748989,86436,False
16748989,41869,True
14208632,26424,False
14208632,22191,True
14208632,11983,False
65316103,63224,False
65316103,18179,True
65316103,616,True
84976722,12447,True
84976722,16531,True
84976722,72447,True
62522808,17233,True
62522808,23533,False
62522808,42335,False
79799491,33908,False
16182038,38331,True
16182038,36592,True
16182038,2592,False
13011043,12223,False
13011043,95978,False
13011043,49148,False
2122644,47131,True
2122644,90546,True
2122644,93500,True
85987756,76689,False
79088493,21684,False
79818436,21333,False
75288415,9395,False
75288415,51726,True
75288415,87575,True
16993790,9711,True
16993790,24412,True
16806888,22310,False
8338148,9594,True
8338148,38992,False
12132178,5260,False
11315614,88199,True
11315614,75539,False
11315614,25500,True
972719,75539,False
80197292,95978,True
73248752,69683,True
73248752,42058,False
73248752,52080,True
15044785,63143,False
15044785,25500,False
15044785,30755,False
86152802,48278,False
55915100,77328,False
55915100,87575,True
55915100,76419,True
96265884,108,False
72968668,47501,False
72968668,96373,False
72968668,49148,True
23352685,31577,False
23352685,76689,True
23352685,41869,False
87129620,82345,True
87129620,991,False
87129620,13705,True
45741889,3443,True
45741889,42335,True
45741889,28893,True
56572834,53977,True
56572834,75902,False
56572834,61443,True
29526020,84341,False
29526020,48008,False
29526020,71790,False
58479017,13705,True
76925958,52803,True
88661010,87575,False
88661010,35842,False
88661010,21684,False
59900753,78172,True
59900753,72589,True
59900753,59571,False
13258419,93679,True
795570,19039,True
795570,40211,True
20028218,60561,True
20028218,35114,False
93203588,65249,False
93203588,83599,False
93203588,29300,False
81881822,32160,True
81881822,30161,True
81881822,22310,True
31393206,36632,True
31393206,42542,False
31393206,35842,False
14427813,86188,False
6886146,19416,False
21313219,22310,True
87874111,1417,True
87874111,48278,True
96906406,53674,True
96906406,58202,False
96906406,11911,True
12728166,96683,False
12728166,76057,False
75757096,73200,True
38801873,10696,False
38801873,82345,True
38801873,60714,True
10107807,74743,False
40596481,87274,True
40596481,62969,True
40596481,82085,True
38294443,16504,True
38294443,62342,True
38294443,52854,False
96257406,74743,False
96257406,67715,True
26344202,21684,True
56493072,46828,False
56493072,7247,True
96258183,82379,True
6320511,5957,True
6320511,74743,True
6320511,29502,True
78215494,133,False
78215494,80228,True
41111523,29300,False
41111523,83514,False
41111523,55417,True
88080747,83073,False
88080747,92948,False
82618524,991,False
82618524,16504,True
10845270,4092,False
10845270,45598,True
13421127,82345,False
13421127,28950,False
13421127,20479,True
57740828,9711,True
20194903,49148,True
35996298,11060,True
35996298,78574,False
90905312,51565,False
19081193,87052,False
19081193,42335,True
19081193,63586,False
94628837,38992,False
94628837,40811,False
94628837,88325,True
56451302,79950,False
67665979,31749,True
67665979,9594,True
59763117,62969,False
59763117,40211,False
11482434,88199,True
11482434,68185,False
11482434,77328,True
78562213,1098,True
78562213,18179,True
36348056,73140,False
46137460,40211,False
46137460,9993,True
77277371,11983,True
77277371,65387,False
74327641,35029,True
11399533,31749,False
11399533,27449,False
11399533,80228,True
81713724,108,True
81713724,80661,True
11774292,58874,True
11774292,13705,True
11774292,16531,True
32957362,52169,True
32957362,10696,True
78979053,18179,False
44897902,9559,True
44897902,40811,False
15825018,78440,False
15825018,63143,True
86643757,87478,True
86738119,13357,True
86738119,77328,False
86738119,92948,True
29451372,21004,True
78452148,92948,False
78452148,20479,True
22750693,58874,True
22750693,3206,False
22750693,84059,False
48208879,52454,False
48208879,52803,True
48208879,10696,True
32353997,67715,True
32353997,17233,True
56679242,62969,True
23270898,30755,False
63577411,40811,False
82714231,57677,True
82714231,65249,False
82714231,10988,True
50416723,11983,True
24258225,16531,False
24258225,52169,False
24258225,60561,False
73614557,31714,True
51283316,21483,True
51283316,82345,False
51283316,58874,True
87026219,5752,False
87026219,42058,True
87026219,94156,False
48999068,88325,True
48999068,82085,True
66217923,26424,False
66217923,82689,False
83306464,4092,False
83306464,1018,True
83306464,42335,False
32074958,64048,True
35844310,10752,False
54470606,96089,False
54470606,57051,False
72135202,32160,False
27520271,19423,True
27520271,75902,False
71784326,54927,True
71784326,29828,True
71784326,11911,False
44596277,12833,True
44596277,89094,True
72596283,11983,False
39512065,21483,True
39512065,41350,False
82536675,40211,True
64536089,65249,True
64536089,12447,True
49896718,35114,False
16412101,29502,True
16412101,63224,False
67383972,53674,False
61958516,3185,False
61958516,65770,True
61958516,83599,False
25793799,91413,True
33074818,80228,False
33074818,37799,True
53866711,67831,True
53866711,90546,True
97243046,81954,True
97243046,19039,True
47491452,9063,True
47491452,21684,False
47491452,52462,True
96259758,39749,False
96259758,92948,True
96136093,5752,False
96136093,42213,False
96136093,41869,True
25613937,3655,False
1183723,53674,True
24991724,1018,True
24991724,21655,False
24991724,63143,True
35611888,3655,True
53110309,61070,True
53110309,11911,True
21181964,37799,True
21181964,72589,True
61985551,60561,True
2754148,82379,False
2754148,9711,True
2754148,56795,False
4620080,83514,True
4620080,67653,False
4620080,90546,False
42052048,40811,True
6968553,92948,True
6968553,60738,True
6968553,77328,False
39935992,9395,True
39935992,75902,False
97375006,40811,True
97375006,22789,False
32385506,10752,False
32385506,80491,False
36761365,16504,True
36761365,76057,True
36761365,38718,True
48785048,48396,False
48785048,76689,True
48785048,31749,True
56011233,108,True
56011233,71790,False
56011233,20167,False
86147038,67715,False
86147038,74743,False
14429048,67831,True
14429048,3443,False
14429048,77328,False
83089516,82689,True
46674680,23533,False
82595686,36592,True
82595686,41350,False
82595686,22191,True
83592960,69336,False
58982742,10752,True
58982742,40211,True
54568583,3185,False
35214195,76057,True
35214195,46363,False
35214195,76553,True
35096602,36592,True
35096602,13357,False
35096602,87826,True
31202041,48839,False
39069008,56719,True
94691821,5260,False
94691821,29502,False
94691821,11983,False
78408969,93500,False
78408969,79950,False
86638782,30755,True
86638782,31181,False
78486606,2592,True
82049104,47501,False
82049104,21936,True
82049104,32160,True
54049557,91961,False
54049557,60561,True
81140503,33908,False
97489523,73078,True
97489523,22310,True
88213776,75539,False
88213776,3443,True
88213776,12447,False
56881476,62342,False
56881476,80661,False
56881476,80311,True
30045115,25500,False
30045115,22279,True
30045115,75902,True
75314358,21655,True
75314358,36632,True
75314358,87575,True
83116918,21936,False
83116918,48008,True
97104000,48396,False
97104000,13946,True
7907908,4092,True
7907908,52169,True
27376538,83599,False
1724440,36592,True
55083555,96373,True
55083555,84190,True
55083555,51705,True
32870370,12447,True
32870370,7247,False
47917803,75539,False
47917803,46363,False
47917803,62342,False
44342883,90546,False
37399378,36632,True
30593611,11911,False
83256267,58202,True
83256267,36885,True
47713513,73078,False
47713513,19039,False
85190853,48008,True
85190853,96338,True
85190853,67653,False
94452870,24412,False
94452870,91961,True
97779587,52080,True
97779587,84059,False
74623725,66963,True
55782272,13946,False
55782272,72447,True
55782272,12223,True
11093004,57181,False
11093004,73200,False
11093004,1417,False
28882237,60738,False
28882237,96089,True
19144047,19416,True
19144047,73584,False
19144047,24151,True
19256723,41869,True
19256723,24151,True
83684063,9711,False
52212867,5957,False
30450502,66963,False
30450502,616,True
30852600,67715,False
30852600,52462,True
30852600,78172,True
98032588,94156,True
98032588,83514,False
98032588,93679,True
3849095,21936,False
3849095,86793,False
16982448,51565,True
16982448,64048,True
16982448,48396,False
49438199,80311,True
49438199,86793,False
56037142,4092,False
56037142,91413,True
21138699,57051,True
67511906,11911,True
60400347,35029,True
60400347,47499,False
59200597,24590,False
59200597,80311,False
59200597,21004,True
85961828,47501,True
98690731,92948,True
98690731,95978,True
98082071,60738,False
98082071,92948,False
98082071,31181,True
58446831,82689,False
58446831,80311,False
87926266,29502,False
2487037,16504,False
2487037,21655,True
53985769,58102,True
53985769,1098,False
9607273,10696,False
56246664,19425,True
56246664,84341,True
30497611,11983,False
30497611,6069,True
30497611,75902,False
72573940,78172,False
2580768,63143,True
52382651,87826,True
52382651,9711,False
52382651,67653,False
24825413,29828,False
24825413,69336,True
24825413,133,False
80454503,55417,True
80454503,75902,True
80454503,35842,False
67885763,3185,False
95437816,73078,False
18374411,73200,True
76078404,25500,False
76078404,91166,True
23947515,55259,False
23947515,87296,True
15391144,65249,False
15391144,35842,False
15391144,27071,True
83100189,91961,False
83100189,10696,True
83100189,57051,True
43482241,78440,True
43482241,42335,False
43482241,47501,False
39788788,1417,False
39788788,87826,False
11388373,67831,True
17190975,69683,True
53401166,31181,True
53401166,21684,True
84268768,76689,False
63813043,30161,True
600206,42335,False
98106264,7297,True
79694554,46828,True
54158935,28790,True
54158935,40811,False
88939951,23533,False
88939951,55238,True
88939951,19039,True
88801574,32160,False
88801574,45866,True
88801574,29502,False
18223749,90546,False
18223749,44974,False
58662904,88325,False
15448083,76553,True
15448083,29502,False
22268413,52080,True
22268413,61443,True
77750344,69336,True
77750344,51565,True
71782072,80661,True
71782072,94156,False
71782072,62969,True
13704235,73078,False
13704235,52080,False
13704235,9559,False
6252329,51705,True
6252329,56795,False
6252329,22279,True
85126710,39431,True
85126710,87296,False
85126710,75539,False
74950260,30755,False
21783411,45339,True
21783411,82689,True
60761962,73140,True
79139253,52803,True
19619644,29300,True
19619644,94554,False
19619644,30755,True
64577886,25500,True
55433403,63586,True
55433403,96373,False
55433403,22310,True
32192117,82689,True
26935952,33190,True
26935952,48396,False
47995236,55586,True
78850376,47131,True
78850376,13357,True
48610572,42058,False
48610572,82891,False
7928174,58102,True
3973092,60738,False
25932285,48278,True
48055858,61443,False
41168271,108,True
41854082,42335,False
41854082,87296,True
59886993,24151,True
78703933,3185,False
78703933,67653,True
81716273,1018,True
81716273,3443,False
81716273,96089,True
80313065,3443,True
29623376,99012,True
82560516,45866,False
82560516,1098,False
16386530,89094,True
16386530,51726,True
38410387,52462,True
38410387,39749,True
8684290,40211,False
98623392,99012,True
98623392,1098,False
98623392,28893,True
30219832,108,True
30219832,36632,False
30219832,21684,True
984084,39749,False
984084,55238,True
87114362,92948,False
87114362,80228,True
28303702,48396,True
28303702,91166,False
61372847,27071,False
62590602,35114,True
62590602,86188,True
62590602,11060,False
22651830,48278,True
22651830,57181,False
22651830,38992,False
60781138,19425,True
60781138,35114,True
5412088,34614,True
48848209,53977,True
48848209,60714,False
48848209,9395,True
55015201,52149,True
55015201,19423,True
22936413,22789,False
83985461,58975,False
63397663,34237,True
63397663,51565,False
86673264,1881,True
86673264,11060,False
86673264,16498,True
73527972,76553,True
89997377,53977,False
89997377,41869,False
89997377,82345,False
84011156,35842,False
84011156,19416,False
82255730,1018,False
82255730,65249,False
82255730,93679,True
41500096,34614,True
41500096,5957,False
41500096,9559,True
20609759,48396,True
20609759,90546,True
3858213,616,False
3858213,24412,False
3858213,32160,False
37248863,84982,False
37248863,96683,True
37248863,45866,True
71019451,52169,True
71019451,86793,True
34253517,87575,False
34253517,57181,False
91005145,42058,False
91005145,84059,True
91005145,62969,True
23996380,3206,True
23996380,18179,True
23996380,32160,False
24268000,57181,False
24268000,54927,True
24268000,25500,True
88376860,45598,True
88376860,92948,True
80731208,16498,True
38656595,19039,True
41771395,19416,True
51297221,10043,False
51297221,46828,False
51297221,94554,True
20492049,12833,True
20492049,76553,True
81261842,57051,False
10936213,53674,False
10936213,86793,False
34066022,65770,True
34066022,92948,False
34066022,47131,True
8294156,60714,True
8715724,58102,False
8715724,82689,False
28994343,9594,False
28994343,133,False
56887810,91413,True
56887810,10988,False
56887810,96683,True
25088273,9711,True
30837746,52149,True
24386598,83073,False
52809685,17609,False
52809685,57051,True
52809685,17233,True
11399828,13946,True
11399828,68185,False
11399828,78172,True
58326979,16531,True
92553020,12833,False
32998639,83073,True
32998639,2592,False
32998639,45866,True
47877065,80228,False
47877065,12447,True
91785397,63586,True
91785397,44974,False
61257976,58202,False
61257976,82891,True
61257976,31577,False
58281498,39749,False
58281498,29300,False
11135534,78172,True
11135534,34237,True
11135534,41744,True
92599081,25500,True
92599081,79950,True
35804237,2592,True
35804237,86793,True
35804237,60738,True
16317790,11085,False
50645165,20479,True
50645165,59571,False
50645165,82345,False
41818401,29300,False
41818401,76689,True
31226270,33908,True
1572476,42542,True
81511509,5752,True
81511509,21483,False
81511509,1417,False
87036616,24151,True
58135604,22279,True
58135604,10988,False
58135604,88325,True
2245652,56795,True
2245652,22789,True
26767722,87274,False
26767722,13705,False
69333481,30755,True
69333481,24590,False
69333481,6069,False
53221857,41744,True
53221857,39431,True
54168594,87274,True
54168594,22279,True
66382519,47501,False
15621287,31577,False
15621287,79950,False
15621287,19425,True
27881752,18179,False
27881752,17609,False
27881752,93679,True
51794224,208,True
71194223,17233,True
71194223,41869,False
71194223,1018,True
15590064,52803,True
5534401,31577,False
5534401,27071,False
5534401,19416,False
7770645,73584,False
9635389,31714,True
9635389,82689,True
47500268,7247,True
47500268,80491,True
71788617,52080,False
71788617,76553,False
15098117,3443,True
15098117,51705,False
15098117,23533,True
77466178,40811,True
33931951,39348,False
33931951,31181,False
89862488,96338,True
89862488,40159,True
89862488,36632,True
21014898,36885,True
21014898,58202,False
21014898,21655,True
73933395,13946,True
73933395,21655,False
73933395,87296,False
52416853,83599,True
16275051,58102,False
16275051,76057,False
92796799,39431,True
79378090,46363,True
79378090,35114,False
79378090,78574,True
57747840,52462,True
15655891,6402,False
15655891,83599,False
59974359,52854,True
33284324,31577,True
33284324,36632,False
33284324,87274,False
76990574,63586,True
37629065,991,False
37629065,63143,False
63041211,73200,False
63041211,3443,False
62376781,17609,False
60922722,9993,True
32142207,1146,True
32142207,2592,True
8295591,4092,True
8295591,99012,False
2203242,28790,False
2203242,29828,False
2203242,55259,False
37190360,95978,False
37190360,82345,True
20806986,55586,True
20806986,21655,False
20806986,63143,True
542969,87296,False
542969,33908,False
22294854,63586,False
22294854,90546,False
22294854,99012,True
29747309,83514,True
29747309,51565,True
29747309,22279,False
17672117,37799,False
17672117,39749,True
62570667,88199,True
62570667,51565,True
62570667,77474,True
62171948,5957,True
62171948,87478,False
62171948,78440,True
56668430,4092,True
56668430,22310,False
69629697,34237,False
44628594,2592,True
44628594,42213,True
44628594,80661,True
15152542,67831,False
15152542,40811,False
35726021,54927,True
35726021,19423,True
75195305,41350,True
75195305,17609,True
68021069,55586,False
45112723,55586,False
45112723,61070,False
93120617,62969,False
93120617,57800,True
1089327,80491,True
1089327,93500,False
44568252,47499,False
44568252,52803,True
39024362,11060,False
39024362,52454,False
39024362,80491,True
57662881,1417,True
57662881,62969,False
84646931,31181,False
84646931,24590,True
84646931,42058,False
45418981,45598,False
45418981,19425,False
67474358,36885,False
67474358,24412,True
67474358,55586,True
86023210,12447,True
37407371,49148,True
37407371,31749,True
37407371,63143,True
98719902,94554,True
50916444,73140,True
64151492,3185,False
64151492,75539,False
74075718,38992,False
74075718,9559,False
57989343,38718,False
53333669,22789,True
53333669,80491,True
69204408,33190,False
69204408,73200,True
47569835,991,True
83921382,91961,True
83921382,30161,True
83921382,48839,False
18774963,80491,True
18774963,18179,False
18774963,82345,True
52269038,77328,True
52269038,9395,True
58506400,81954,True
58506400,94204,True
94921446,35029,False
57222395,7297,False
57222395,75539,True
57222395,20167,True
20118327,45339,True
20118327,65387,False
29974042,3185,False
29974042,45866,True
9732885,87296,False
92506070,29502,True
92506070,11983,False
62994943,65770,True
62994943,53674,True
62994943,34237,True
88994779,59185,False
88994779,21333,False
88994779,46363,False
63715265,27071,False
42028026,52803,False
42028026,57800,False
42028026,58202,True
90201426,38331,False
90201426,41869,False
74560447,44974,False
74560447,55259,True
74560447,65770,True
41895781,55586,False
10311958,21004,True
52313186,52454,False
71664033,133,True
71664033,31181,False
71664033,94554,False
69433775,38992,False
69433775,76553,True
39054908,61070,True
39054908,48396,False
16226024,63143,True
16226024,80661,True
65520292,208,False
36291464,93679,False
47349039,36592,True
47349039,16531,False
23115284,86188,False
23115284,46828,True
23115284,33908,False
89311769,7297,True
89311769,82891,False
89311769,89688,False
91015130,41744,False
91015130,37799,True
91015130,76057,True
41400042,31714,False
41400042,81954,False
41400042,40211,False
70098893,42542,True
70098893,35029,True
15057956,5957,True
15057956,14467,True
37982406,87478,False
64629061,36592,True
64629061,21333,True
64629061,76057,True
9840283,208,True
69053609,75539,False
99654930,65770,False
99654930,93679,True
99654930,46828,True
67368445,9559,True
44060394,91961,True
44060394,51705,False
44060394,64048,True
1903292,84341,True
1903292,60561,False
1903292,42058,True
58754178,73857,True
58754178,45598,False
58754178,47499,True
35879035,62342,False
35879035,31749,False
58290572,42542,False
58290572,60738,True
76458366,5957,False
76458366,991,True
64469302,29300,False
64469302,80491,False
64469302,76689,True
56240993,68185,False
56240993,58874,False
73116608,94554,False
73116608,13946,False
73116608,38992,False
37511334,69336,False
37511334,30755,False
37511334,9594,True
83361959,59185,False
83361959,80661,False
83361959,48008,False
16325557,87575,True
16325557,62969,False
16325557,48008,False
80404586,94156,False
80404586,73140,False
76969435,69683,False
76969435,10752,True
76969435,67831,True
22977839,87274,False
31463338,40159,True
31463338,9063,False
31463338,42335,True
97030428,24151,True
97030428,99012,False
15994091,24151,False
94707253,57443,True
11155663,87478,False
11155663,52854,False
58819284,13705,False
6233095,34614,False
6233095,24151,False
6233095,17233,False
63239362,87478,False
63239362,64048,False
86729022,44974,False
86729022,21333,True
86729022,93679,False
10452007,87826,False
69726695,32160,True
69726695,96089,False
5023299,82085,True
32277412,83073,True
32277412,9711,False
32277412,84190,True
1166349,21483,False
1166349,51705,True
1166349,1417,True
88305606,38992,False
35340089,87478,True
35340089,46363,False
81232103,16498,False
79028418,52462,False
76537080,19423,False
76537080,65249,False
76537080,6069,True
5048914,1098,True
44067308,21333,True
44067308,71790,True
44067308,57800,True
58208265,9559,True
58208265,47499,False
58208265,49148,False
61232787,36885,True
46603266,57051,False
54991135,77474,True
54991135,34237,True
54991135,96089,False
60450867,84982,True
60450867,80661,False
60450867,1098,True
32482337,9711,False
81427564,94156,False
81427564,30161,True
23992638,16531,False
23992638,47501,True
23992638,31577,True
10713293,991,True
10713293,51565,False
10713293,76057,True
80059453,91166,False
86257936,40159,True
86257936,30161,True
45736239,14467,True
43393409,58975,False
43393409,24151,True
62633726,48396,True
31115716,51565,True
35439448,19425,True
35439448,87296,True
56729054,9559,False
56729054,96338,False
65003239,3655,False
65003239,36632,True
78246331,82891,True
78246331,17609,False
78246331,12833,True
2857482,80311,True
67048757,28950,False
16899216,12223,False
39787032,52169,False
39787032,34775,True
48002595,49148,True
48002595,45598,True
71259731,11060,False
71259731,12223,False
88184957,28790,True
88184957,67653,False
7833288,74743,False
72979508,61070,True
8907280,80228,True
8907280,22789,True
36129158,17609,False
36129158,87052,True
36129158,52169,False
36453899,35114,True
36453899,67653,True
36453899,39431,True
17532784,80661,True
17532784,31749,False
29510949,52169,True
29196726,62969,False
67951928,71790,False
53276111,19423,False
34321681,52803,False
34321681,43243,True
82733752,83514,False
82733752,31577,True
82733752,71790,False
92925722,11060,True
92925722,81954,False
85745718,133,True
85745718,27071,True
79695426,54927,False
79695426,68185,True
59202916,63224,True
59202916,64048,True
15952288,6069,False
15952288,19425,False
15952288,45339,False
39210329,208,False
39210329,20167,True
85759425,77328,True
85759425,28893,False
4078803,24412,False
4078803,45866,True
4078803,91413,True
48843320,29828,False
48843320,73078,True
48843320,44974,True
88949430,52454,True
88949430,64048,True
88949430,12223,True
81938075,19416,False
81938075,82345,True
86772969,35029,False
86772969,21684,False
83094804,108,False
83094804,39749,True
36221885,42335,False
7719042,52169,True
29688133,82379,False
84668240,35114,False
84668240,16531,True
84668240,16498,False
58735735,54927,True
58735735,93679,True
4549473,42213,True
4549473,65770,False
95618437,21333,True
78259053,76419,True
80894281,5957,False
46557420,53977,False
15913012,44974,True
15913012,40159,False
15913012,29828,False
16691860,89094,True
16691860,78574,False
78266054,4092,True
78266054,87296,True
78266054,84341,True
71549442,21333,False
71549442,30161,True
71549442,73584,True
261550,72589,False
261550,80311,False
261550,3206,True
64522193,41350,False
40750388,66963,True
40750388,38718,True
40750388,21483,True
72691699,72589,False
72691699,37799,True
59229077,73584,True
59229077,87826,False
2754490,9711,True
2754490,19416,True
2754490,64048,True
55518524,55417,True
55518524,94554,True
55518524,58102,True
88491680,87478,False
82707115,78440,False
35025904,83599,True
35025904,52454,False
21095360,29300,False
21410262,11060,True
21410262,77474,False
21410262,34775,False
95520516,59185,True
95520516,13705,True
8317658,24151,True
8317658,26424,False
37499365,22279,False
37499365,45339,False
75459365,9993,False
75459365,39348,False
75459365,34614,False
99142310,69683,True
99142310,52149,False
99142310,64048,True
27674032,57181,False
87406572,10043,False
87406572,52803,True
87406572,88199,False
9943821,3443,False
9943821,58975,False
9943821,76057,False
4430159,96373,True
4430159,43243,True
4430159,5957,False
19694521,47501,False
19694521,12223,True
19694521,11911,True
95929430,9594,True
10896182,208,False
10896182,48396,True
10896182,3443,False
75653547,63586,True
75653547,40811,True
75653547,51705,False
43717671,24151,False
80130767,46828,False
80130767,83514,False
80130767,6069,False
60263699,45866,True
60263699,93500,True
40178126,11983,True
40178126,96338,True
84476681,33190,True
95151657,991,False
95151657,45339,False
95151657,91166,True
1136549,56719,True
1136549,21333,True
1136549,22789,False
31470361,39431,True
31470361,52169,False
31470361,46363,False
8355303,76553,False
8355303,42335,True
38893661,93679,True
45631812,33908,False
45631812,19423,True
38360385,48008,False
56437031,95978,True
14194646,53977,False
14194646,616,True
14194646,56795,False
43060509,23533,True
43060509,21004,True
11018573,77328,False
11018573,41744,True
11018573,19423,False
19700320,39431,False
83651505,51705,False
3886471,31181,True
3886471,11983,True
91924154,63143,False
91924154,24590,True
87679160,5752,True
38789948,55238,True
38789948,96373,False
89780057,76057,True
89780057,82689,False
85377757,20167,False
85377757,54927,True
45500622,36885,False
45500622,52854,True
45500622,65249,False
5503283,62342,True
38776544,91166,True
38776544,4092,True
18609597,71790,True
18609597,45598,True
86521856,73078,False
90744762,71790,True
43427357,21483,True
10331753,62969,True
17962344,5957,False
17962344,94554,False
59271154,31577,False
59271154,29502,True
26299483,108,True
26299483,3185,True
26299483,87478,True
53979456,19423,False
53979456,22191,True
78768051,80661,True
78768051,63586,True
78768051,65387,True
84309004,45598,False
40465917,57800,False
40465917,88199,True
40465917,43243,False
27557127,67653,True
67323787,51705,True
67323787,76553,True
67323787,99012,True
98278009,49148,True
98278009,991,False
40265266,991,False
69276320,39431,True
69276320,34775,True
66336081,74743,True
35445561,82689,False
35445561,90546,False
13590830,133,False
33886250,73078,True
15746309,89094,False
15746309,21655,True
93581355,34775,True
93581355,89688,True
93581355,80661,False
97933666,2592,False
77842480,60561,True
77842480,36592,False
38887235,73140,True
38887235,62969,True
20266871,40159,False
20266871,77328,True
34604435,94156,True
34604435,40211,True
48123415,67831,False
48123415,12447,False
48123415,35029,False
12853131,65249,False
20015972,62342,True
20015972,63143,True
30192653,78172,False
30192653,35114,False
30192653,39431,False
61510036,27449,True
61510036,71790,True
61510036,45339,False
21338518,3655,False
21338518,18179,True
21338518,19039,False
51589892,22191,True
37752238,74743,True
37752238,1417,True
17948461,86188,False
17948461,73200,True
32180368,16531,True
85387406,38718,True
87549641,94156,False
87549641,84190,False
87549641,28790,True
66090163,73078,False
66090163,67715,False
47751046,94156,False
47751046,83514,True
47751046,58874,True
88978188,52462,True
78491316,46828,True
36574631,63224,True
36574631,58874,False
64902591,2592,True
64902591,57051,False
64902591,75539,False
39775247,51726,True
39775247,48008,True
39775247,52803,True
77587259,40811,True
73846090,30161,True
40165255,10043,False
40165255,21936,False
88211658,11983,False
88211658,19423,False
73021855,60738,True
84589445,31714,True
84589445,84982,False
84589445,79950,True
11380838,66963,False
11380838,65770,False
96910761,22789,False
96910761,21004,True
96910761,57800,False
35082898,84341,True
35082898,1098,True
35082898,9063,False
87571181,21004,False
87571181,80661,True
87571181,73078,False
92417760,56719,False
92417760,82891,False
92417760,69683,False
93704410,87575,False
25468937,1018,False
51600101,9711,True
51600101,34775,False
15652512,16498,False
15652512,5752,False
15652512,91961,True
47691494,91166,False
47691494,13946,True
47691494,84190,False
96341690,2592,True
84183872,91961,False
84183872,62342,False
34300991,33190,False
34300991,21483,True
34300991,46828,True
22523564,73584,True
22523564,62969,True
22523564,43243,False
8296029,64048,False
14898365,10043,True
14898365,77474,True
14898365,75539,False
51296287,21655,True
51296287,29300,False
51296287,24412,True
90555268,133,True
10055203,12223,True
38244962,19416,False
8746712,34614,True
8746712,75902,True
8746712,96338,False
9270155,88199,False
58129568,71790,False
58129568,73857,True
36254498,34775,True
36254498,89094,True
50182975,7652,False
56378593,83599,False
56378593,616,False
56378593,12223,False
22311937,41869,False
22311937,1881,False
7960825,17233,False
7960825,99012,True
7960825,21684,False
92692133,4092,True
31076647,42058,False
31076647,72589,True
31076647,16504,False
87426191,10043,True
87426191,22310,False
87426191,45339,False
54111642,9559,False
54111642,11911,False
55846899,16531,True
55846899,36632,False
55846899,59185,False
36320406,82891,True
36320406,67715,True
29852090,51726,False
29852090,11911,False
92124284,29502,True
92124284,81954,False
54803599,74743,True
54803599,27449,True
82265552,96373,False
82265552,80661,False
82265552,12833,True
36622523,57800,False
36622523,52169,True
36622523,11911,True
63361399,48008,False
77453260,41744,False
77453260,13705,True
77453260,69683,False
86455891,3185,True
86455891,56795,False
97644116,91961,False
97644116,73857,False
97644116,29828,True
7144138,1881,False
7144138,36885,True
7144138,48839,False
73572213,36632,False
73572213,55259,True
2256065,40211,False
2256065,69336,False
64706253,39749,True
59660495,16498,False
59660495,65249,False
59660495,31181,True
81380981,12223,False
81380981,73857,False
85794552,52454,False
85794552,28893,False
95085704,46363,False
95085704,13946,False
95085704,1098,False
18265005,41869,False
18265005,34614,True
18265005,80228,True
29224319,94204,True
29224319,57800,True
29224319,51565,True
32486784,78172,False
8579950,36885,False
8579950,86436,True
8579950,12833,False
49038998,36885,False
49038998,52080,True
49038998,1417,False
12590639,11911,True
12590639,38992,True
55177629,29828,True
55177629,5957,True
55177629,6069,True
33545144,66963,True
30464000,72589,False
30464000,9063,True
30464000,36885,True
90209993,991,False
71564881,17233,True
84926698,63586,False
29750883,96683,True
29750883,84341,True
29750883,69336,False
7810879,60738,False
80951850,14467,True
2385796,47501,True
2385796,45339,False
23341909,54927,True
23341909,2592,False
65448404,78172,True
65448404,59185,False
80905293,57677,True
80905293,74743,False
80905293,61443,False
54130400,66963,False
54130400,80491,False
88798632,11983,True
4267365,31181,True
4267365,1098,False
32677539,99012,True
92409378,30161,True
92409378,42058,True
92409378,88199,False
43911750,58202,False
43911750,57443,True
43911750,57677,True
31193480,67715,False
31193480,63143,True
31193480,35842,False
9848860,46363,True
95686563,56719,False
95686563,87052,False
95686563,72447,False
23301270,59185,True
23301270,991,False
16086627,108,True
16086627,55238,False
16086627,6069,False
14839322,19039,False
49257881,84190,False
49257881,87575,False
49257881,1098,False
31172127,57677,True
34785378,62342,False
6604912,75902,True
70533630,35842,False
70533630,991,False
50195090,1018,False
87256584,9395,True
70223473,19425,False
7449044,42213,True
7449044,30755,True
8822763,61443,False
8822763,21004,True
77797301,88199,False
22158950,52169,True
38310808,41350,False
38310808,96683,True
38310808,9063,False
91938470,66963,False
91938470,78172,True
91938470,73857,False
8615233,29828,True
8615233,40811,False
8615233,40211,True
28382447,82085,False
28382447,65770,False
28382447,48396,False
42284369,63224,False
97321298,54927,False
97321298,64048,False
7413709,35842,True
7413709,65249,False
75197888,12833,True
75197888,57443,True
75197888,35029,False
91614652,16504,True
91614652,84341,False
91614652,1018,True
47209852,82379,False
44774953,47501,False
44774953,31577,False
26722178,26424,True
26722178,36592,True
26722178,24412,False
69123446,78574,False
69123446,63143,True
91174124,7247,False
91174124,52080,False
64907564,48396,False
64907564,96683,False
97633287,84341,True
26662093,7247,True
26662093,9711,True
26662093,41869,False
9815284,53674,False
59103103,208,True
59103103,75539,False
59103103,91413,False
68246072,76689,False
68246072,10696,False
68246072,25500,True
28684982,12223,False
32570329,52803,True
32570329,30161,True
9252756,11983,False
9252756,60561,True
9252756,67831,True
39857439,87478,False
39857439,60738,True
39857439,34614,True
14385760,81954,False
14385760,19039,False
45481956,16504,True
45481956,13357,True
45481956,87478,False
12578100,75539,True
12578100,94204,True
12578100,18179,True
10767443,56795,False
10767443,51565,True
10767443,58202,False
43608178,34237,True
43608178,58874,True
43182506,87478,False
43182506,65387,False
48493583,87274,True
48493583,17233,True
48493583,37799,False
92600516,36592,True
69275499,83073,True
69275499,87478,True
69275499,5957,True
77895047,80311,True
2813734,29502,True
87327675,61443,True
49488902,48278,False
49488902,52080,False
49488902,3206,True
25865681,48008,False
25865681,87051,True
25865681,1098,False
88057220,57051,True
86817813,73140,False
86817813,87274,False
36157521,87478,True
36157521,7247,False
12521144,63143,False
12521144,73200,False
12521144,99012,False
39451342,36592,False
21190203,67831,False
21190203,52803,False
79914064,27449,False
87430171,7297,True
87430171,77328,True
87430171,89094,True
38913546,58874,False
92085620,71790,True
92085620,22789,False
92085620,12223,False
69355903,48008,False
78888790,34775,False
78888790,9559,True
78888790,18179,False
82108039,96089,True
82108039,10752,True
82108039,1417,False
72841711,38992,False
63342464,89094,False
63342464,52169,True
63342464,48396,False
37499830,12223,True
37499830,60561,True
37499830,21684,False
821388,80228,False
93571659,94554,True
58980391,58975,False
85381850,45598,True
85381850,69683,True
85381850,65249,False
82203760,4092,True
82203760,55586,True
82203760,60738,True
8805677,3655,True
40619412,27071,False
40619412,22310,False
40619412,69683,False
63827641,44974,True
63827641,20167,True
63827641,96683,False
96060465,42213,True
96060465,38331,False
96060465,68185,True
4454394,53977,False
4454394,16531,False
4454394,51705,False
87928337,96683,True
56479846,80228,True
56479846,63586,True
56479846,7247,False
77463090,29300,True
77463090,39348,False
39839218,44974,True
39839218,78172,False
39839218,63224,True
99501453,24151,False
55658623,82891,True
55658623,51726,True
55658623,65770,False
83508813,1881,False
70642969,30161,True
70642969,87052,True
42187644,22279,True
42187644,9063,False
51876424,42058,True
8446590,24412,False
88120300,47499,True
71725930,36592,True
58945749,51705,False
58945749,21333,False
58945749,133,True
36809889,87274,False
36809889,80661,True
36809889,5752,True
2526831,22191,True
39733582,84190,False
3410811,36885,False
83119503,66963,True
83119503,79950,True
1716518,5260,False
87187935,6402,False
5118358,76553,True
5118358,208,True
95689690,84341,True
39715607,1146,False
95506234,52854,True
78185044,82379,True
78185044,3655,False
41434386,13946,True
41434386,75539,False
80561848,13946,True
30534935,84341,False
30534935,31577,False
22557240,3443,False
79434544,87296,True
79434544,34775,True
79434544,17609,True
15508945,1018,True
24073641,17233,True
26407332,96373,True
26407332,22191,True
26407332,41869,True
7881910,12447,False
7881910,45866,True
7881910,3443,True
42092447,1098,True
1253492,58102,False
1253492,36592,True
1957846,33190,True
1957846,9559,False
42633991,21936,True
42633991,40211,False
42633991,52454,True
11719509,19425,True
11719509,4092,True
11719509,49148,False
94296601,78172,False
94296601,73140,False
94296601,52454,False
65778477,79950,True
65778477,89688,False
11676660,65770,True
11676660,69336,False
55251283,56795,True
5715372,41869,True
5715372,41744,False
36740401,52854,True
36740401,33908,False
36740401,21936,False
87576176,77474,True
8622064,73078,False
30294703,67653,True
30294703,58975,False
30294703,42058,True
17790865,89094,True
17790865,44974,True
17790865,4092,False
3458967,7297,False
3458967,77328,False
3458967,67715,True
32793907,75902,False
32793907,55417,False
32793907,133,False
68323687,21333,True
68323687,41350,False
68323687,29502,False
84034973,58102,True
84034973,11911,True
84034973,13357,True
45583458,87575,False
45583458,9559,True
81319428,63143,True
397511,76057,False
74426549,63143,False
74426549,73200,False
62130900,57677,False
62130900,20479,True
4550670,91166,False
91741786,14467,False
91741786,87296,False
1251030,19425,True
1251030,4092,False
1251030,133,False
93938504,65770,True
93938504,60561,True
93938504,35029,True
17598963,87826,True
17598963,52462,True
21585588,13357,False
79038583,62342,True
79038583,17233,False
79038583,2592,False
41591980,29300,False
41591980,35114,False
9005256,12223,False
9005256,22191,True
9005256,96338,False
76498203,46828,True
76498203,16531,False
73096285,88325,False
73096285,52169,True
18779530,57181,True
18779530,19423,True
18779530,52454,False
9112935,10696,True
9112935,33190,False
9112935,52169,False
87093081,86793,False
87093081,16498,True
91561315,24590,False
91561315,52854,False
91561315,76689,True
87631621,96338,False
41823920,30755,True
10656144,59185,True
10656144,42058,False
10656144,75902,True
73800157,3185,False
5725930,40211,True
5725930,88325,False
5725930,93500,False
19297143,11085,False
19297143,59571,True
19297143,31181,True
35006623,95978,False
35006623,49148,False
64583706,34775,True
64583706,9395,True
64583706,52454,True
89898109,83073,False
89898109,21333,False
89898109,51565,True
34972141,94156,False
34972141,48396,False
90193894,72447,True
90193894,56719,True
2226500,30755,False
71432958,63143,False
71432958,82085,False
71432958,79950,False
85641471,56719,True
23812352,24412,True
23812352,20479,False
23812352,45866,False
93175269,12447,True
93175269,19416,False
81429791,45598,False
81429791,59571,False
81429791,65387,False
31664035,10752,True
31664035,10988,True
33411509,61443,True
65067358,9594,False
50520328,44974,False
12496603,44974,True
12496603,1146,False
11769178,90546,True
11769178,28790,False
87774311,87478,True
87774311,36885,True
72275370,87296,False
72275370,3443,True
72275370,54927,False
52304301,84341,True
52304301,35114,True
52304301,22789,False
31926634,1417,False
28566260,9063,False
48895994,87478,True
48895994,65249,False
69867380,45866,True
42755725,67715,False
84343544,53674,False
13801299,30161,False
48119549,73584,True
48119549,60561,False
75324556,67653,True
75324556,33190,True
75324556,41869,False
11265151,29300,True
11265151,3443,False
63642081,72589,False
63642081,63143,False
63642081,10043,False
7897010,11911,False
35242335,38331,False
13712803,16498,False
13712803,616,False
48473002,133,False
48473002,65770,False
48473002,34614,False
73154931,42335,True
73154931,34614,False
63084250,62969,True
42934189,82689,True
42934189,52854,True
50699314,51705,False
78986631,13705,True
55271957,71790,False
28078487,28893,False
28078487,82085,True
22700824,93500,True
22700824,31577,False
24931782,13705,True
24931782,32160,True
24931782,42335,False
99006723,42542,True
63935119,17609,False
63935119,24151,True
63935119,19423,False
44528300,73200,False
44528300,76419,False
18514172,72447,False
18514172,40211,True
18514172,68185,True
17460426,55586,False
44939853,24151,True
44939853,6069,True
27868340,22191,True
27868340,52169,True
69192780,3443,False
42923874,48008,False
42923874,52462,True
42923874,88325,False
92798358,616,False
92798358,55259,True
92798358,21936,True
11976740,33908,True
11976740,59571,False
11976740,76689,False
24267588,21684,False
24267588,82891,False
24267588,84982,False
86035567,41869,False
86035567,3443,False
86035567,108,False
89918128,26424,True
89918128,36885,True
53042471,45866,True
53042471,57800,False
53042471,3185,False
40560099,87052,True
40560099,72589,True
40560099,27071,False
35519976,18179,False
36309685,57051,False
36309685,133,True
68993800,46828,True
68993800,9993,True
68993800,19423,True
78245054,80661,True
78245054,72447,False
78245054,62969,True
75083989,38331,True
75083989,7652,False
75083989,78440,True
72135340,72447,True
55308722,73140,False
55308722,88199,False
55308722,91961,True
77764445,67715,True
48018098,96373,True
48018098,78440,False
81545173,9993,False
81545173,84059,True
81545173,52462,False
77944243,59571,False
77944243,29300,True
77944243,35842,False
1247119,76553,False
90307047,78172,True
90307047,3185,True
90307047,42542,True
32252825,23533,True
32252825,3655,True
32252825,51726,False
18407552,1146,False
18407552,51705,True
18407552,73140,False
53284087,3443,True
84022052,73200,True
84022052,56719,True
3330156,22279,False
41181811,65249,False
41181811,52803,False
54539083,87478,False
14459651,75539,True
14459651,10988,False
14459651,57677,False
87818700,73140,True
19012005,76689,False
19012005,6069,True
19012005,1881,True
18944634,3655,True
18944634,29502,False
18944634,53674,True
52636497,87051,False
52636497,86188,False
44992599,29502,False
29692013,9993,True
29692013,19425,True
29692013,67831,False
93768099,41350,False
93768099,48008,True
93768099,86793,False
72262398,16498,False
72262398,63586,True
39566580,10043,False
96618298,94554,True
96618298,27449,True
96618298,59185,True
50813285,34775,True
50813285,73140,True
71128216,10696,False
71128216,96683,False
71128216,54927,False
79982342,57181,True
79982342,91961,False
79982342,43243,True
85447037,22191,True
3740057,96089,True
3740057,13705,False
94864722,9993,False
94864722,43243,True
94224689,65249,True
87338458,67715,False
7791274,47499,True
39991783,78574,False
39991783,55238,False
5893113,84341,False
67121717,19416,False
84183589,208,True
84183589,1881,False
83416378,54927,True
83416378,24151,False
88289381,1417,False
88289381,77328,True
88289381,45866,False
6026731,73140,False
6026731,34614,True
6026731,42058,False
71846568,52454,False
71846568,87296,False
9786026,76419,True
9786026,82379,False
5524342,39348,True
5524342,991,False
28319472,80228,False
84227634,44974,True
84227634,18179,False
84227634,93500,False
4150854,14467,True
4150854,28950,True
46433212,52803,True
46433212,22279,False
46433212,42058,False
72498506,54927,True
72498506,19039,False
93875724,73584,False
93875724,41744,False
93875724,16504,False
31088291,13705,True
31088291,94156,True
25515309,27071,False
25515309,9993,True
25515309,80311,True
84681817,9993,True
22712674,21936,True
53219539,208,False
53219539,87826,False
10771029,82345,True
48625018,52169,True
48625018,25500,False
48625018,10988,True
39797965,89688,True
39797965,80661,False
39797965,52149,True
935773,86188,False
935773,46363,True
935773,61070,False
11857658,17233,True
11857658,35114,True
30515395,52803,False
95761022,96683,True
20682287,88325,True
20682287,30755,True
14734522,89094,False
14734522,55259,False
41013423,48396,True
64172162,3655,False
38679053,72589,True
38679053,2592,False
38679053,616,True
59389589,29502,False
59389589,3185,True
50429741,59185,False
62326738,57181,False
59154167,96683,True
59154167,10043,False
59154167,13705,False
50529840,22191,True
50529840,84059,False
40243338,96338,False
40243338,9559,False
40243338,34237,True
57094350,86793,False
57094350,18179,False
99368648,56719,True
36082471,21483,True
6390094,19039,False
6390094,9395,False
6390094,5957,True
31135022,82085,False
31135022,9993,False
31135022,10043,True
6624950,86793,False
6624950,39348,True
61089943,38718,False
61089943,87296,True
29886692,72589,True
29886692,36592,True
31739252,31577,True
47075942,46363,True
47075942,76553,True
45245952,88325,True
45245952,90546,True
81482297,62969,True
81482297,84982,True
73026514,13705,False
73026514,18179,True
73026514,55586,True
74848092,31181,True
74848092,84059,False
74848092,33908,False
94496277,81954,True
94496277,86793,False
94496277,80491,False
6736826,79950,False
6736826,991,True
6736826,48396,False
99374319,95978,False
99374319,42335,True
99374319,54927,False
65581888,9395,False
65581888,51726,False
54967632,29300,False
54967632,52149,True
57133220,31714,False
57133220,69336,True
57133220,39348,True
49992796,73078,False
49992796,991,True
49992796,11983,False
85804075,83599,False
49037098,94554,False
49037098,80228,False
99645881,29300,False
99645881,55586,True
68687712,28950,True
68687712,41350,True
68687712,65387,False
21180236,96373,True
1977835,41744,False
78696820,53977,True
78696820,69336,False
78696820,83514,True
25559450,57443,True
42272976,9395,False
42272976,83073,True
73282824,52149,False
23765179,10696,True
23765179,9711,False
27296884,59185,False
27296884,73140,False
66864916,71790,False
66864916,41869,True
56042631,28950,True
75571109,39431,True
73012667,1098,True
54151446,10043,False
54151446,63224,False
54151446,36632,True
12915680,88199,True
12915680,87575,False
12915680,79950,False
23232881,30755,True
23232881,60738,False
23232881,19039,True
76421654,39431,False
76421654,79950,True
76421654,3443,False
10208413,2592,False
10208413,59571,False
49509955,10988,False
49509955,77328,False
11112484,67831,True
11112484,83073,False
11112484,67653,False
32283256,48839,False
32283256,33190,False
79720680,57051,False
79720680,9063,False
79720680,84341,True
63498391,1098,True
63498391,42542,True
52174750,62969,True
27212738,36632,False
27212738,73140,False
27212738,87052,True
35275983,991,True
71005710,96338,True
71005710,90546,False
65772571,93500,False
32179400,86188,True
32179400,29828,True
70085977,21655,True
70085977,9559,False
70085977,75902,True
96960229,84341,False
63471585,41744,True
63471585,83073,False
63471585,76057,True
76639255,24151,True
76639255,35029,False
76639255,52080,False
99327426,43243,True
99327426,33908,False
52607151,57443,True
52607151,94204,False
52607151,23533,False
86671149,22279,True
24539275,61443,True
24539275,11983,False
24539275,40159,False
43508167,84190,True
43508167,19425,True
85378525,52854,False
82531875,52462,False
82531875,75902,True
91972736,46828,True
91972736,78574,True
91972736,45598,False
62493310,88199,False
62493310,47501,False
80925801,43243,True
26959789,93679,False
26959789,14467,True
26959789,11911,False
39162161,71790,False
14759598,73584,False
71898823,24151,True
71898823,19423,True
71898823,42542,True
86591949,3206,True
86591949,23533,False
86591949,19039,False
67333377,67653,False
67333377,92948,False
73871866,31714,True
39869317,41744,False
86884650,22191,False
86884650,39348,True
12576978,3185,True
12576978,47501,True
12576978,45598,True
84877469,55259,True
84877469,30161,True
84877469,73078,True
70935953,32160,True
70935953,13705,False
60134886,93500,False
60134886,71790,True
60134886,37799,True
2034385,47499,False
2034385,38992,True
5378692,14467,False
5378692,95978,False
60700676,80311,True
60700676,11085,False
60700676,83514,True
1222169,9395,False
1222169,60714,False
1222169,41869,False
28791312,45339,True
28791312,10696,False
14065607,36592,True
14065607,73857,True
37156098,47501,True
37156098,62342,False
37156098,37799,False
86448003,79950,False
86448003,82689,False
66188424,13357,False
66188424,87274,False
66188424,3206,True
37669791,65249,False
78714815,80311,True
78714815,1881,False
71860173,22789,True
71860173,91413,False
51111357,83073,True
51111357,93679,False
51111357,73200,True
41615711,20167,True
41615711,35114,True
10899189,45339,True
10899189,66963,True
10899189,59185,False
1417424,62969,True
6100820,86793,False
6100820,21936,False
6100820,16498,False
90478183,78172,False
90478183,18179,False
7000371,17233,False
7000371,26424,False
7000371,58102,False
40427112,9559,True
74014105,41744,True
64754550,39749,True
19860811,991,False
19860811,59571,False
19860811,58874,False
51256423,9993,True
51256423,77474,False
56321651,60714,False
56321651,41350,False
3830977,29502,True
3830977,34614,False
3830977,48396,True
88391669,55259,False
50674349,65770,True
50674349,10988,False
50674349,86436,False
9766223,16504,True
9766223,73200,True
9766223,42058,True
83927989,77328,False
40518405,73078,True
45990848,32160,True
45990848,42213,True
45990848,57677,True
13833876,1417,False
61995630,76419,True
61995630,48008,False
61995630,36632,True
79404193,19423,True
79404193,87478,False
79404193,69336,False
99395488,84190,True
99395488,29300,False
99395488,12223,False
26641025,87052,False
48838025,59185,False
30152723,63143,False
30152723,88325,False
53161620,76689,False
53161620,36592,False
26628621,22279,False
26628621,20479,False
62051146,58874,False
62051146,87826,False
681917,95978,True
681917,31749,False
681917,73200,True
74459883,6402,False
3008722,62969,True
3008722,96683,True
26418952,82891,False
34117054,48278,True
34117054,9395,True
34117054,55586,True
78941953,63224,True
84811816,34614,True
51089390,16504,False
51089390,93500,True
15246714,80661,True
15246714,61070,False
15246714,208,False
38802034,95978,False
28473531,5957,True
28473531,95978,True
28473531,94156,False
56464441,55417,True
56464441,20167,False
8022461,62342,False
8022461,13357,False
81278825,38331,False
81278825,48839,True
81278825,58102,True
41031205,34237,False
41031205,28893,False
41031205,13357,False
2469918,73584,True
76396848,83599,True
76396848,91166,False
76396848,58874,False
4863653,1146,True
4863653,1098,True
96609274,86188,True
8649209,9594,True
8649209,7297,True
8649209,21655,False
44720350,11085,True
44720350,94204,False
22837995,51705,True
22837995,84190,True
41822113,34237,True
41822113,48839,True
37966104,19423,True
37966104,69336,False
65839163,87051,True
65839163,51565,False
95666842,17609,False
95666842,96338,False
55471697,21004,False
55471697,72447,True
39116484,87575,False
39116484,5957,True
39116484,67653,False
32741879,55259,False
95246434,94156,False
36961725,81954,True
36961725,61443,True
36961725,52149,True
73512472,47131,True
73512472,63224,True
73512472,19416,False
42778364,86436,True
42778364,87274,True
42778364,12447,False
11571911,95978,True
11571911,72589,True
11571911,12223,False
27732338,39749,False
27732338,60738,False
42132606,7297,True
42132606,30161,True
97149912,21333,True
40571874,76553,False
40571874,12447,True
40571874,39431,True
71941857,49148,True
1365308,1417,True
1365308,13357,False
2935246,67831,True
2935246,78172,True
2935246,35029,True
57416806,29828,False
57416806,133,True
57416806,16504,False
91894026,17609,True
91894026,87575,False
91894026,80491,True
16947157,11085,False
16947157,80228,False
74092204,52462,True
20326256,42213,False
20326256,108,True
20326256,22789,False
3239453,26424,True
25588968,67715,True
25588968,89094,True
25588968,9594,True
42897771,36885,False
42897771,30755,True
44346970,16498,False
44346970,35842,True
44346970,71790,True
69991881,31577,False
85680890,95978,True
85680890,52149,False
85680890,5957,False
22606088,35842,True
22606088,56795,False
22606088,29828,False
34838235,10696,True
34838235,14467,False
34838235,93500,True
57745253,46828,True
57745253,87296,False
33684988,48839,True
33684988,73857,True
19742577,57051,False
19742577,81954,True
19742577,57443,True
96290109,60714,True
5626152,94554,True
91848347,1146,True
91848347,19425,True
19417572,31181,True
79591773,18179,False
79591773,133,True
79591773,87826,False
872817,99012,True
29639310,65387,True
29639310,53977,True
29639310,41869,False
81264051,83073,True
81264051,56795,True
88855333,63224,True
88855333,10043,True
88855333,616,True
80865310,1098,True
4913843,10696,False
22718154,92948,True
21262464,31577,False
21262464,76419,True
21262464,54927,False
25238253,21684,True
25238253,48396,True
99027544,54927,True
32183619,91961,True
32183619,18179,True
11281032,40811,True
11281032,61070,False
88891046,63224,False
88891046,9993,True
25756637,9594,True
90918044,61070,True
82958017,40211,True
10945225,21684,False
14052335,87478,False
15061015,27071,False
88884845,3185,True
93336259,5752,True
93336259,73200,True
93336259,87478,False
22343548,22310,True
97845341,47499,True
97845341,76553,True
97845341,24590,False
16539686,83599,False
59562767,9993,True
84224527,42213,True
84224527,83073,True
84224527,45866,False
81749061,45866,False
81749061,61070,False
81749061,79950,True
47296408,77328,True
60184172,80311,False
60184172,47499,False
60184172,1417,False
12473532,69336,False
12473532,5957,False
12473532,30161,True
96941213,81954,False
96941213,21936,False
87889080,1098,False
87889080,80661,True
31325383,55417,False
31325383,80661,False
31325383,51726,True
77348060,80228,False
77348060,5957,False
41399982,47501,False
41399982,1417,False
41399982,89688,True
64907307,31714,False
64907307,42213,False
64907307,46363,False
51052997,64048,True
51052997,27071,False
41892602,35114,True
41892602,96373,False
85516695,39431,False
85516695,12447,True
85516695,48008,False
57810110,38718,False
3410901,52462,True
89311449,36632,False
89311449,78172,True
34285498,5957,False
36889356,45598,False
36889356,36632,True
7071748,19425,True
7071748,86793,True
7071748,52169,False
19267142,5260,True
19267142,78172,False
22741919,57677,True
22741919,31749,True
20260646,22789,False
10405207,24151,True
10405207,41744,True
98939728,45866,False
40432781,36592,True
40432781,21684,False
74358551,65770,True
33321325,55586,False
33321325,41869,False
12705074,9395,True
12705074,72589,False
12705074,11060,False
18482420,45866,True
18482420,12833,True
68276030,48396,True
68276030,58874,True
68276030,3655,True
30801949,82689,True
30801949,34614,True
30801949,38718,False
89276160,80491,True
55409731,65387,True
55409731,84190,False
22038938,16504,False
22038938,67653,False
903209,23533,True
67753828,51726,False
67753828,82891,False
89267672,40811,False
89267672,19423,True
38816071,45598,False
83967422,47501,False
83967422,31714,True
7686011,77328,True
15153988,60714,True
64087908,57443,False
64087908,991,True
56128804,9993,True
56128804,31749,False
56128804,42542,False
54821749,9559,True
54821749,9993,False
54821749,69683,True
4250234,1018,True
821019,10696,False
821019,208,True
821019,73857,True
23076595,10696,False
32169272,68185,True
32169272,52462,True
18403905,31181,True
18403905,35114,True
31550621,72447,True
33708718,3206,False
33708718,74743,False
33708718,17233,False
84892996,44974,False
84892996,80661,False
84892996,73078,False
61832749,76419,False
61832749,79950,False
61832749,5260,False
96172861,39749,False
32432018,94554,True
12768879,60714,True
12768879,48278,True
40162768,11060,True
40162768,3655,False
40162768,35029,False
12094091,43243,True
77350792,44974,True
77350792,991,True
8180340,41744,True
98279896,10752,False
1645482,38331,True
3494420,47501,False
3494420,37799,False
3494420,24412,True
59798544,86793,False
7196164,57800,True
7196164,45339,False
97725540,73584,True
97725540,31577,True
97725540,108,True
45877454,17233,False
45877454,27071,False
45877454,63224,True
76542717,96373,True
75497380,52149,False
75497380,27071,True
66557392,6069,False
66557392,57181,False
81961864,45339,True
78684728,61070,True
17809108,36592,False
77278972,79950,True
77278972,94554,True
77278972,34237,False
12795933,81954,False
12795933,73140,False
17321803,30161,False
17321803,62969,False
35253524,88199,False
35253524,43243,False
35253524,22310,False
67306105,60738,False
67306105,84982,True
10710402,83514,True
42559140,72589,True
97408551,91961,True
97408551,21936,True
97408551,51705,False
65532430,36632,True
80640175,96683,True
80640175,3206,False
66121042,19423,True
66121042,9993,True
23759578,10696,False
23759578,55238,True
33928267,78440,False
33928267,82891,False
54206249,69336,False
54206249,65387,False
54206249,13357,True
20049898,84341,True
20049898,54927,False
20049898,16531,False
93545356,36885,False
93545356,5752,False
46123612,81954,True
46123612,9395,True
97215489,94204,True
97215489,1146,True
53224297,24412,False
53224297,47499,True
1698155,22279,False
1698155,35842,False
1698155,13357,False
34464203,1881,False
34464203,76689,False
34464203,11085,False
32093120,19416,False
1495437,62969,False
1495437,11060,True
1495437,52854,False
43873214,75902,True
43873214,46828,True
82718827,28950,False
82718827,78172,False
40653610,9711,False
40653610,92948,True
40653610,34237,False
42519398,58874,False
42519398,21655,False
42519398,86188,False
33259825,58874,False
23616611,31749,False
23616611,2592,False
23616611,44974,True
68105450,1417,True
68105450,71790,False
68105450,24412,True
53628949,19039,True
53628949,48396,False
53628949,7652,True
49468591,22789,True
49468591,29300,False
49468591,12447,False
68283286,58874,True
7628085,16531,False
7628085,82345,True
7628085,52149,True
10913677,47131,False
50012630,41869,False
50012630,21333,True
50012630,61443,True
64394191,76057,True
78582799,29300,True
18293799,41869,False
17535683,35842,False
23989421,38718,False
23989421,1146,False
23989421,87052,False
45074575,87478,False
67658195,38331,False
67658195,55586,True
19142028,45866,True
19142028,77474,True
27881262,88199,True
77886525,10043,True
84209717,22191,True
84209717,11060,False
84209717,48839,True
26275409,54927,True
16539625,73078,True
16539625,62969,False
23333861,91166,True
53317654,96089,True
53317654,10696,False
53317654,63586,False
28080941,65387,False
28080941,63224,True
45792713,1881,True
85071681,63586,True
73327070,2592,False
73327070,94554,False
73327070,28950,False
2511859,57443,False
2511859,90546,False
22380199,41869,True
22380199,72589,True
22380199,74743,True
15129221,20479,True
15129221,22279,True
15129221,52854,True
63579752,37799,False
88359631,40159,False
88359631,58874,False
88359631,41350,True
47435431,94554,False
47435431,52169,False
95154618,55586,True
95154618,41869,False
95154618,28893,True
74902743,45866,False
74902743,91166,False
42033538,73584,True
42033538,17609,True
42033538,35114,True
65261542,11983,False
65261542,1018,True
65261542,51726,True
94758378,65387,False
94758378,20479,True
86726182,3185,True
8543853,71790,False
8543853,35114,False
8543853,90546,False
23949626,35029,False
23949626,63586,False
23949626,30161,False
18108307,41350,False
18108307,58874,False
45184140,91961,True
45184140,96089,True
45184140,13357,True
51687370,78172,False
51687370,65249,True
51687370,20479,False
87298394,87478,False
87298394,3185,True
87298394,35114,True
35006170,31577,False
35006170,61443,False
35006170,52149,False
98841595,45339,True
73102464,53977,False
73102464,21333,False
96300787,53674,False
96300787,1018,False
96300787,46828,True
68959178,51726,True
68959178,19425,True
28063329,42213,True
28063329,10752,False
86044803,47131,True
4922396,1018,True
4922396,48396,True
91712539,16504,True
49732061,13705,True
49732061,3206,False
47231895,82085,False
61388393,52149,True
61388393,616,True
61388393,29300,True
49899006,96373,True
49899006,55586,True
73055903,16531,False
73055903,24412,False
42962337,11060,True
42962337,39749,True
77043418,5260,True
77043418,19416,True
80888366,31181,True
80888366,30755,False
11931295,41350,False
11931295,1098,False
27573615,20479,False
81271473,83073,False
81271473,35114,False
37831375,99012,False
37831375,77474,False
37831375,87296,False
82447220,80661,True
82447220,40811,True
45575703,51565,True
32475191,91961,False
25787936,31714,True
25787936,9993,False
25787936,99012,True
62465632,57800,True
23509568,30161,True
23509568,55238,True
23509568,13705,True
22890582,11911,False
22890582,78574,False
22890582,7652,False
53797556,21483,True
53797556,82689,False
24153772,31181,True
24153772,30161,False
67258961,41350,False
67258961,96373,True
67258961,82345,False
89758948,67831,False
6560150,19423,True
6560150,76553,False
6560150,40159,False
29977294,28790,False
29977294,53977,True
16487579,1098,True
16487579,87478,True
16487579,84341,True
44089009,37799,False
59568988,73857,False
59568988,20167,True
40488794,4092,False
40488794,87575,False
40488794,25500,False
40784218,41350,True
40784218,82345,False
94612089,94156,True
94612089,42542,True
94612089,96683,False
40247275,9395,False
48267083,10696,True
86880268,75902,True
86880268,21684,False
86880268,36885,True
80739448,71790,True
80739448,84190,True
80739448,72589,True
3386832,84982,True
3386832,47131,False
25742538,10988,False
25742538,57051,False
87379392,32160,False
87379392,86188,True
87379392,21333,False
50350389,73078,True
50350389,51705,True
98014206,82891,False
5577071,1146,False
5577071,78440,True
30105239,616,True
30105239,34237,True
25887407,57677,False
25887407,96683,True
25887407,62342,True
11075666,48008,True
85133648,80661,False
85133648,67831,False
